Emisor,Receptor,Serie,Folio,Fecha factura,Fecha registro,Importe,Iva,Total,Estatus,Proveedor Sec,Num ent,Tienda,No Remision,Razón social,Folio Uuid
GGA230218GL3,CLE810525EA1,1,414,2026-01-01,2026-01-07 00:10:05,"$9,794.98","$1,567.20","$11,362.18",COMPROBANTE VALIDO,,,1311,,GONZALEZ GAMEZ Y ASOCIADOS,19b49ba0-bb01-45d2-8e4d-1f70f71ce1a5
GGA230218GL3,CLE810525EA1,1,416,2026-01-07,2026-01-07 16:27:34,"$9,794.98","$1,567.20","$11,362.18",COMPROBANTE VALIDO,,,1372,,GONZALEZ GAMEZ Y ASOCIADOS,148caf12-4f26-48bc-9049-f8bb5575a1a0
GGA230218GL3,CLE810525EA1,1,417,2026-01-07,2026-01-07 16:38:30,"$9,794.98","$1,567.20","$11,362.18",COMPROBANTE VALIDO,,,1163,,GONZALEZ GAMEZ Y ASOCIADOS,41a89179-b773-49e2-9f84-1a198063101a
GGA230218GL3,CLE810525EA1,1,430,2026-02-14,2026-02-14 10:58:33,"$32,967.49","$5,274.80","$38,242.29",COMPROBANTE VALIDO,,,1340,,GONZALEZ GAMEZ Y ASOCIADOS,108441ce-4939-4206-a846-d11a55aea70e
GGA230218GL3,CLE810525EA1,1,431,2026-02-14,2026-02-14 11:06:56,"$32,967.49","$5,274.80","$38,242.29",COMPROBANTE VALIDO,,,1171,,GONZALEZ GAMEZ Y ASOCIADOS,cedc2873-a690-4da2-ada2-d57527802184
GGA230218GL3,CLE810525EA1,1,433,2026-02-19,2026-02-19 15:36:31,"$32,967.49","$5,274.80","$38,242.29",COMPROBANTE VALIDO,,,1223,,GONZALEZ GAMEZ Y ASOCIADOS,de7d2a5c-2cdd-4e16-9f32-1e5dd4a2a453
GGA230218GL3,CLE810525EA1,1,434,2026-02-21,2026-02-21 12:06:44,"$32,967.49","$5,274.80","$38,242.29",COMPROBANTE VALIDO,,,1358,,GONZALEZ GAMEZ Y ASOCIADOS,8d3fc108-8f88-4bd3-8d35-fbaf73b8d1f6
GGA230218GL3,CLE810525EA1,1,435,2026-02-21,2026-02-21 12:07:55,"$32,967.49","$5,274.80","$38,242.29",COMPROBANTE VALIDO,,,1363,,GONZALEZ GAMEZ Y ASOCIADOS,9fe895db-fb4e-47c4-854b-1796d26c43a2
GGA230218GL3,CLE810525EA1,1,436,2026-02-21,2026-02-21 12:09:02,"$32,967.49","$5,274.80","$38,242.29",COMPROBANTE VALIDO,,,1095,,GONZALEZ GAMEZ Y ASOCIADOS,5683d693-f5c7-47b1-8e50-6d97307c0406
GGA230218GL3,CLE810525EA1,1,437,2026-02-24,2026-02-24 15:53:37,"$13,525.00","$2,164.00","$15,689.00",COMPROBANTE VALIDO,,,1074,,GONZALEZ GAMEZ Y ASOCIADOS,d80ece55-cd23-46bb-a1bb-98ce1fe7b8f4
GGA230218GL3,CLE810525EA1,1,438,2026-02-24,2026-02-24 15:51:37,"$13,525.00","$2,164.00","$15,689.00",COMPROBANTE VALIDO,,,1123,,GONZALEZ GAMEZ Y ASOCIADOS,5d4e9843-3ead-48ea-967a-3fe7cc9006d0
GGA230218GL3,CLE810525EA1,1,439,2026-02-24,2026-02-24 15:49:21,"$13,525.00","$2,164.00","$15,689.00",COMPROBANTE VALIDO,,,1277,,GONZALEZ GAMEZ Y ASOCIADOS,01bd3f48-3cd9-4c84-a0fb-f332a29f9aaf
GGA230218GL3,CLE810525EA1,1,440,2026-02-24,2026-02-24 15:47:48,"$13,525.00","$2,164.00","$15,689.00",COMPROBANTE VALIDO,,,1318,,GONZALEZ GAMEZ Y ASOCIADOS,3407a64b-0205-41c0-9951-501dc2a1ddbb
GGA230218GL3,CLE810525EA1,1,441,2026-02-24,2026-02-24 15:46:26,"$13,525.00","$2,164.00","$15,689.00",COMPROBANTE VALIDO,,,1352,,GONZALEZ GAMEZ Y ASOCIADOS,36bd9bdb-6eb7-47c1-92b5-553ae19d2f6f
GGA230218GL3,CLE810525EA1,1,442,2026-02-24,2026-02-24 15:44:55,"$13,525.00","$2,164.00","$15,689.00",COMPROBANTE VALIDO,,,2066,,GONZALEZ GAMEZ Y ASOCIADOS,05644978-a5bf-4940-a06d-56b0fd73824b
GGA230218GL3,CLE810525EA1,1,445,2026-03-02,2026-03-03 12:04:24,"$13,525.00","$2,164.00","$15,689.00",COMPROBANTE VALIDO,,,1381,,GONZALEZ GAMEZ Y ASOCIADOS,248da135-9ba3-4030-ab76-636ac652115f
GGA230218GL3,CLE810525EA1,1,446,2026-03-02,2026-03-03 12:06:00,"$13,525.00","$2,164.00","$15,689.00",COMPROBANTE VALIDO,,,1370,,GONZALEZ GAMEZ Y ASOCIADOS,c3f803a8-412e-4952-aaaa-00fe717d32e0
GGA230218GL3,CLE810525EA1,1,447,2026-03-02,2026-03-02 13:10:52,"$13,525.00","$2,164.00","$15,689.00",COMPROBANTE VALIDO,,,1371,,GONZALEZ GAMEZ Y ASOCIADOS,ba5622c0-4817-4b71-baa7-3ae89689dc91
GGA230218GL3,CLE810525EA1,1,448,2026-03-02,2026-03-02 13:05:39,"$13,525.00","$2,164.00","$15,689.00",COMPROBANTE VALIDO,,,1070,,GONZALEZ GAMEZ Y ASOCIADOS,622dbf58-58a6-4576-85dd-a93b0ee9240c
GGA230218GL3,CLE810525EA1,1,449,2026-03-06,2026-03-07 10:44:30,"$11,535.00","$1,845.60","$13,380.60",COMPROBANTE VALIDO,,,1223,,GONZALEZ GAMEZ Y ASOCIADOS,0df82481-d692-4ffa-b8a7-215f7d0f2e6d
GGA230218GL3,CLE810525EA1,1,450,2026-03-06,2026-03-07 11:40:01,"$11,535.00","$1,845.60","$13,380.60",COMPROBANTE VALIDO,,,1363,,GONZALEZ GAMEZ Y ASOCIADOS,fe4394a0-102c-4d9e-abc4-fef850305fdc
GGA230218GL3,CLE810525EA1,1,451,2026-03-06,2026-03-07 11:41:11,"$11,535.00","$1,845.60","$13,380.60",COMPROBANTE VALIDO,,,1340,,GONZALEZ GAMEZ Y ASOCIADOS,44460e1c-b471-40b1-be41-0731d495a4c3
GGA230218GL3,CLE810525EA1,1,452,2026-03-06,2026-03-07 11:42:31,"$11,535.00","$1,845.60","$13,380.60",COMPROBANTE VALIDO,,,1095,,GONZALEZ GAMEZ Y ASOCIADOS,b35e9336-bf7d-4e67-9afe-ba8c9222ed66
GGA230218GL3,CLE810525EA1,1,453,2026-03-06,2026-03-07 11:51:46,"$11,535.00","$1,845.60","$13,380.60",COMPROBANTE VALIDO,,,1171,,GONZALEZ GAMEZ Y ASOCIADOS,47c52aa7-d2ab-4c84-81f5-73a569083314
GGA230218GL3,CLE810525EA1,1,454,2026-03-11,2026-03-12 13:09:14,"$32,967.49","$5,274.80","$38,242.29",COMPROBANTE VALIDO,,,1282,,GONZALEZ GAMEZ Y ASOCIADOS,c10b3306-6f6f-4be0-b75f-309eb214e3bc
GGA230218GL3,CLE810525EA1,1,455,2026-03-13,2026-03-14 02:05:10,"$32,967.49","$5,274.80","$38,242.29",COMPROBANTE VALIDO,,,1224,,GONZALEZ GAMEZ Y ASOCIADOS,c73e06dd-abfa-4ad9-9ede-644a0be29b81
GGA230218GL3,CLE810525EA1,1,456,2026-03-13,2026-03-14 02:06:15,"$32,967.49","$5,274.80","$38,242.29",COMPROBANTE VALIDO,,,1194,,GONZALEZ GAMEZ Y ASOCIADOS,92d07761-7ed4-4562-9734-b0d09e60b5ac
GGA230218GL3,CLE810525EA1,1,458,2026-03-26,2026-03-26 12:37:12,"$32,967.49","$5,274.80","$38,242.29",COMPROBANTE VALIDO,,,1411,,GONZALEZ GAMEZ Y ASOCIADOS,a6d55327-31b4-428c-a1b3-6e14f48527cd
GGA230218GL3,CLE810525EA1,1,477,2026-04-08,2026-04-08 16:44:50,"$32,967.49","$5,274.80","$38,242.29",COMPROBANTE VALIDO,,,1225,,GONZALEZ GAMEZ Y ASOCIADOS,790400e8-4de6-4f99-b347-e565a0e9e47a
GGA230218GL3,CLE810525EA1,1,478,2026-04-08,2026-04-08 16:48:32,"$11,535.00","$1,845.60","$13,380.60",COMPROBANTE VALIDO,,,1282,,GONZALEZ GAMEZ Y ASOCIADOS,74be584c-8037-4881-a4ac-eab722ed8558
GGA230218GL3,CLE810525EA1,1,479,2026-04-08,2026-04-08 16:51:13,"$32,967.49","$5,274.80","$38,242.29",COMPROBANTE VALIDO,,,1412,,GONZALEZ GAMEZ Y ASOCIADOS,0e8315c6-ab7a-40a4-a37e-23ed985368d2
GGA230218GL3,CLE810525EA1,1,482,2026-05-05,2026-05-04 18:15:50,"$32,967.49","$5,274.80","$38,242.29",COMPROBANTE VALIDO,,,1016,,GONZALEZ GAMEZ Y ASOCIADOS,d6d5ee19-be9e-4155-9a22-0a97c382d64a
GGA230218GL3,CLE810525EA1,1,483,2026-05-05,2026-05-04 18:18:59,"$32,967.49","$5,274.80","$38,242.29",COMPROBANTE VALIDO,,,2024,,GONZALEZ GAMEZ Y ASOCIADOS,745358ce-b840-4b42-b952-8137a97a2289
GGA230218GL3,CLE810525EA1,1,484,2026-05-05,2026-05-04 18:20:31,"$32,967.49","$5,274.80","$38,242.29",COMPROBANTE VALIDO,,,2045,,GONZALEZ GAMEZ Y ASOCIADOS,9abb1514-bfe2-499f-b41f-bc8294d7c57b
GGA230218GL3,CLE810525EA1,1,487,2026-06-03,2026-06-03 12:09:36,"$1,540.00",$246.40,"$1,786.40",COMPROBANTE VALIDO,,,1290,,GONZALEZ GAMEZ Y ASOCIADOS,5ffe8a25-7a02-4d32-840e-5bed003a0091
GGA230218GL3,CLE810525EA1,1,488,2026-06-03,2026-06-03 13:13:55,"$1,540.00",$246.40,"$1,786.40",COMPROBANTE VALIDO,,,1301,,GONZALEZ GAMEZ Y ASOCIADOS,7c460794-40e9-4a11-b58c-23eb748a0053
GGA230218GL3,CLE810525EA1,1,489,2026-06-03,2026-06-03 13:16:38,"$1,540.00",$246.40,"$1,786.40",COMPROBANTE VALIDO,,,1316,,GONZALEZ GAMEZ Y ASOCIADOS,d28e4b90-50d7-4e49-80ac-78f8da402eff
GGA230218GL3,CLE810525EA1,1,490,2026-06-03,2026-06-03 13:19:39,"$1,540.00",$246.40,"$1,786.40",COMPROBANTE VALIDO,,,1324,,GONZALEZ GAMEZ Y ASOCIADOS,2e47d900-02d2-4d47-8c41-bc1eee51bfb5
GGA230218GL3,CLE810525EA1,1,491,2026-06-03,2026-06-03 13:36:24,"$1,540.00",$246.40,"$1,786.40",COMPROBANTE VALIDO,,,1354,,GONZALEZ GAMEZ Y ASOCIADOS,d9236543-3a8e-41d5-b0de-6a6ea71554a7
GGA230218GL3,CLE810525EA1,1,492,2026-06-03,2026-06-03 14:11:39,"$1,540.00",$246.40,"$1,786.40",COMPROBANTE VALIDO,,,1356,,GONZALEZ GAMEZ Y ASOCIADOS,2a257ab0-7ebe-4965-bec2-42b9b8b78e2f
GGA230218GL3,CLE810525EA1,1,493,2026-06-03,2026-06-03 14:22:25,"$1,540.00",$246.40,"$1,786.40",COMPROBANTE VALIDO,,,2067,,GONZALEZ GAMEZ Y ASOCIADOS,a912d4c6-46ff-47ac-a26b-0302de00f17d
GGA230218GL3,CLE810525EA1,1,494,2026-06-03,2026-06-03 14:25:21,"$1,540.00",$246.40,"$1,786.40",COMPROBANTE VALIDO,,,1083,,GONZALEZ GAMEZ Y ASOCIADOS,479bbe17-a759-4014-87d0-96e9d367ea6b
GGA230218GL3,CLE810525EA1,1,495,2026-06-03,2026-06-03 14:28:16,"$1,540.00",$246.40,"$1,786.40",COMPROBANTE VALIDO,,,1094,,GONZALEZ GAMEZ Y ASOCIADOS,622435d4-fadd-4de3-8746-9cb3b69dcb32
GGA230218GL3,CLE810525EA1,1,496,2026-06-03,2026-06-03 14:33:07,"$1,540.00",$246.40,"$1,786.40",COMPROBANTE VALIDO,,,1174,,GONZALEZ GAMEZ Y ASOCIADOS,f58fb7ec-cdbe-4c39-8572-d789e7b565a8
GGA230218GL3,CLE810525EA1,1,497,2026-06-03,2026-06-03 14:45:17,"$1,540.00",$246.40,"$1,786.40",COMPROBANTE VALIDO,,,1209,,GONZALEZ GAMEZ Y ASOCIADOS,c940e638-8b4b-4f52-959a-7b3dffad4141
GGA230218GL3,CLE810525EA1,1,498,2026-06-03,2026-06-03 14:47:46,"$1,540.00",$246.40,"$1,786.40",COMPROBANTE VALIDO,,,1252,,GONZALEZ GAMEZ Y ASOCIADOS,40b2b6bd-56fa-44ff-b783-6fc990422ff0
GGA230218GL3,CLE810525EA1,1,499,2026-06-03,2026-06-03 14:50:46,"$1,540.00",$246.40,"$1,786.40",COMPROBANTE VALIDO,,,1253,,GONZALEZ GAMEZ Y ASOCIADOS,111bb511-ab63-4063-864b-0e0c22befef0
GGA230218GL3,CLE810525EA1,1,501,2026-06-09,2026-06-09 13:56:28,"$32,967.49","$5,274.80","$38,242.29",COMPROBANTE VALIDO,,,2008,,GONZALEZ GAMEZ Y ASOCIADOS,1ec16bed-0208-40be-bf88-3d17b993a948
GGA230218GL3,CLE810525EA1,1,502,2026-06-16,2026-06-15 19:22:16,"$32,967.49","$5,274.80","$38,242.29",COMPROBANTE VALIDO,,,1086,,GONZALEZ GAMEZ Y ASOCIADOS,7e2a8a96-ea8b-4734-ae87-d0fadc0fe0bc
GGA230218GL3,CLE810525EA1,1,503,2026-06-16,2026-06-16 12:52:50,"$32,967.49","$5,274.80","$38,242.29",COMPROBANTE VALIDO,,,1236,,GONZALEZ GAMEZ Y ASOCIADOS,c8a8d3bc-c846-4b2d-a597-a9c80fa6e05b
GGA230218GL3,CLE810525EA1,1,504,2026-06-16,2026-06-16 12:55:49,"$32,967.49","$5,274.80","$38,242.29",COMPROBANTE VALIDO,,,1341,,GONZALEZ GAMEZ Y ASOCIADOS,6cafcc12-77f0-4fd4-a10c-b312460ca16d
GGA230218GL3,CLE810525EA1,1,505,2026-06-16,2026-06-16 13:01:02,"$32,967.49","$5,274.80","$38,242.29",COMPROBANTE VALIDO,,,1056,,GONZALEZ GAMEZ Y ASOCIADOS,753c6979-edae-4ad6-b834-60c172c9a681
GGA230218GL3,CLE810525EA1,1,506,2026-06-16,2026-06-16 13:04:06,"$32,967.49","$5,274.80","$38,242.29",COMPROBANTE VALIDO,,,1235,,GONZALEZ GAMEZ Y ASOCIADOS,55d9e690-527a-4841-8ad6-1f71df614f24
GGA230218GL3,CLE810525EA1,1,507,2026-06-16,2026-06-16 13:07:37,"$32,967.49","$5,274.80","$38,242.29",COMPROBANTE VALIDO,,,1356,,GONZALEZ GAMEZ Y ASOCIADOS,82916c92-755a-4629-9cdb-f51fe30886e9
GGA230218GL3,CLE810525EA1,1,508,2026-06-16,2026-06-16 13:09:19,"$32,967.49","$5,274.80","$38,242.29",COMPROBANTE VALIDO,,,1094,,GONZALEZ GAMEZ Y ASOCIADOS,3b6edaaa-c20f-4bf7-abd9-ec9cbf72cfb7
GGA230218GL3,CLE810525EA1,1,509,2026-06-16,2026-06-16 13:11:15,"$32,967.49","$5,274.80","$38,242.29",COMPROBANTE VALIDO,,,1209,,GONZALEZ GAMEZ Y ASOCIADOS,f3679dd7-c14d-497b-a37d-c29c9edbee18
GGA230218GL3,CLE810525EA1,1,510,2026-06-16,2026-06-16 13:13:25,"$32,967.49","$5,274.80","$38,242.29",COMPROBANTE VALIDO,,,1253,,GONZALEZ GAMEZ Y ASOCIADOS,facdc27f-ffe7-444f-b39a-342290072a96
GGA230218GL3,CLE810525EA1,1,511,2026-06-16,2026-06-16 13:16:10,"$32,967.49","$5,274.80","$38,242.29",COMPROBANTE VALIDO,,,1290,,GONZALEZ GAMEZ Y ASOCIADOS,3c74f472-20b2-4375-a8e6-5dd3428e6622
GGA230218GL3,CLE810525EA1,1,512,2026-06-16,2026-06-16 13:22:46,"$32,967.49","$5,274.80","$38,242.29",COMPROBANTE VALIDO,,,1316,,GONZALEZ GAMEZ Y ASOCIADOS,1f15a9b8-2b96-45dd-9d7b-b6c15fa12955
GGA230218GL3,CLE810525EA1,1,513,2026-06-16,2026-06-16 13:24:27,"$32,967.49","$5,274.80","$38,242.29",COMPROBANTE VALIDO,,,1324,,GONZALEZ GAMEZ Y ASOCIADOS,e71dd5df-d5c4-48e9-b61d-6962cf55ba2e
GGA230218GL3,CLE810525EA1,1,514,2026-06-16,2026-06-16 13:29:02,"$32,967.49","$5,274.80","$38,242.29",COMPROBANTE VALIDO,,,1174,,GONZALEZ GAMEZ Y ASOCIADOS,d443d04a-fead-4f15-b4d7-9ed9861cd0c6
GGA230218GL3,CLE810525EA1,1,515,2026-06-16,2026-06-16 13:31:18,"$32,967.49","$5,274.80","$38,242.29",COMPROBANTE VALIDO,,,2067,,GONZALEZ GAMEZ Y ASOCIADOS,bbd3b752-fc78-4767-93bc-8670c8b31ab9
GGA230218GL3,CLE810525EA1,1,516,2026-06-16,2026-06-16 13:35:23,"$32,967.49","$5,274.80","$38,242.29",COMPROBANTE VALIDO,,,1083,,GONZALEZ GAMEZ Y ASOCIADOS,b9808d3d-8484-4987-9e8d-03a6ab9860b3
GGA230218GL3,CLE810525EA1,1,517,2026-06-16,2026-06-16 13:36:49,"$32,967.49","$5,274.80","$38,242.29",COMPROBANTE VALIDO,,,1252,,GONZALEZ GAMEZ Y ASOCIADOS,b5e5b334-d543-43d3-99d2-e0c93f329f04
GGA230218GL3,CLE810525EA1,1,518,2026-06-16,2026-06-16 13:39:12,"$32,967.49","$5,274.80","$38,242.29",COMPROBANTE VALIDO,,,1354,,GONZALEZ GAMEZ Y ASOCIADOS,858a6d6e-0c81-4b49-b415-6b707249a2d2
GGA230218GL3,CLE810525EA1,1,519,2026-07-07,2026-07-07 12:11:11,"$32,967.49","$5,274.80","$38,242.29",COMPROBANTE VALIDO,,,1344,,GONZALEZ GAMEZ Y ASOCIADOS,035fc695-0386-4945-b8cb-70d4306c2874
GGA230218GL3,CLE810525EA1,1,520,2026-07-07,2026-07-07 12:12:58,"$32,967.49","$5,274.80","$38,242.29",COMPROBANTE VALIDO,,,1281,,GONZALEZ GAMEZ Y ASOCIADOS,0cfba82a-8d0b-4883-b43f-3a2aa927bee4
GGA230218GL3,CLE810525EA1,1,521,2026-07-07,2026-07-07 12:14:35,"$32,967.49","$5,274.80","$38,242.29",COMPROBANTE VALIDO,,,1300,,GONZALEZ GAMEZ Y ASOCIADOS,d16a1684-3e63-4ad7-9c76-68ab8750dea2
GGA230218GL3,CLE810525EA1,1,522,2026-07-07,2026-07-07 12:16:06,"$32,967.49","$5,274.80","$38,242.29",COMPROBANTE VALIDO,,,4027,,GONZALEZ GAMEZ Y ASOCIADOS,2ae6cacc-42a0-4343-987d-48164231b9a5
GGA230218GL3,CLE810525EA1,1,526,2026-07-29,2026-07-29 14:16:03,"$32,967.49","$5,274.80","$38,242.29",COMPROBANTE VALIDO,,,1301,,GONZALEZ GAMEZ Y ASOCIADOS,f31c22a7-238b-4038-ae2c-2b8e5baca031
GGA230218GL3,CLE810525EA1,1,527,2026-07-29,2026-07-29 14:19:25,"$11,800.00","$1,888.00","$13,688.00",COMPROBANTE VALIDO,,,1083,,GONZALEZ GAMEZ Y ASOCIADOS,05e45869-613c-4a73-a04e-df3d9c23c24e
GGA230218GL3,CLE810525EA1,1,528,2026-07-29,2026-07-29 14:23:32,"$11,800.00","$1,888.00","$13,688.00",COMPROBANTE VALIDO,,,1253,,GONZALEZ GAMEZ Y ASOCIADOS,e5bc65e6-6212-419e-87ea-4647addf6555
GGA230218GL3,CLE810525EA1,1,529,2026-07-29,2026-07-29 14:25:42,"$11,800.00","$1,888.00","$13,688.00",COMPROBANTE VALIDO,,,1252,,GONZALEZ GAMEZ Y ASOCIADOS,08b5fb15-7985-4fde-b86c-eea180d5621c
GGA230218GL3,CLE810525EA1,1,530,2026-07-29,2026-07-29 14:27:01,"$11,800.00","$1,888.00","$13,688.00",COMPROBANTE VALIDO,,,1209,,GONZALEZ GAMEZ Y ASOCIADOS,a18b92dc-0c2e-46e6-891f-6a723c7abfb0
GGA230218GL3,CLE810525EA1,1,531,2026-07-29,2026-07-29 14:28:30,"$11,800.00","$1,888.00","$13,688.00",COMPROBANTE VALIDO,,,1354,,GONZALEZ GAMEZ Y ASOCIADOS,c9d11990-4de5-4627-8634-10f67e07ff45
GGA230218GL3,CLE810525EA1,1,532,2026-07-29,2026-07-29 14:30:18,"$11,800.00","$1,888.00","$13,688.00",COMPROBANTE VALIDO,,,1324,,GONZALEZ GAMEZ Y ASOCIADOS,8820bca6-07de-4ddc-b84d-a6df4172673b
GGA230218GL3,CLE810525EA1,1,533,2026-07-29,2026-07-29 14:32:49,"$11,800.00","$1,888.00","$13,688.00",COMPROBANTE VALIDO,,,1316,,GONZALEZ GAMEZ Y ASOCIADOS,f1efae75-07ca-4054-a76b-fded536565ca
GGA230218GL3,CLE810525EA1,1,534,2026-07-29,2026-07-29 14:34:47,"$11,800.00","$1,888.00","$13,688.00",COMPROBANTE VALIDO,,,1290,,GONZALEZ GAMEZ Y ASOCIADOS,53daf1cf-0bad-4247-a5c1-79eb9e90ac29
GGA230218GL3,CLE810525EA1,1,535,2026-07-30,2026-07-30 13:23:45,"$11,800.00","$1,888.00","$13,688.00",COMPROBANTE VALIDO,,,2067,,GONZALEZ GAMEZ Y ASOCIADOS,aba688a1-2feb-4a6e-9820-5f5d1ed6efe4
GGA230218GL3,CLE810525EA1,1,536,2026-07-30,2026-07-30 13:25:57,"$11,800.00","$1,888.00","$13,688.00",COMPROBANTE VALIDO,,,1356,,GONZALEZ GAMEZ Y ASOCIADOS,dbe48bfb-7831-49a0-b779-cec0c0b813c0
GGA230218GL3,CLE810525EA1,1,537,2026-07-30,2026-07-30 13:30:00,"$32,407.49","$5,185.20","$37,592.69",COMPROBANTE VALIDO,,,4011,,GONZALEZ GAMEZ Y ASOCIADOS,31b66331-84ee-4d69-954c-9619477710ea
GGA230218GL3,CLE810525EA1,1,538,2026-07-30,2026-07-30 13:35:29,"$32,967.49","$5,274.80","$38,242.29",COMPROBANTE VALIDO,,,1367,,GONZALEZ GAMEZ Y ASOCIADOS,4a8ab0e4-5fe9-4276-8533-319d80256d96
GGA230218GL3,CLE810525EA1,1,539,2026-07-30,2026-07-30 13:39:47,"$32,967.49","$5,274.80","$38,242.29",COMPROBANTE VALIDO,,,1332,,GONZALEZ GAMEZ Y ASOCIADOS,75921765-e95b-43ca-8688-e5c6194dd81b
GGA230218GL3,CLE810525EA1,1,540,2026-08-05,2026-08-05 12:42:04,"$11,800.00","$1,888.00","$13,688.00",COMPROBANTE VALIDO,,,1174,,GONZALEZ GAMEZ Y ASOCIADOS,497a0e22-1fdd-4e35-9457-e92d54ef2c29
GGA230218GL3,CLE810525EA1,1,541,2026-08-05,2026-08-05 12:43:28,"$11,800.00","$1,888.00","$13,688.00",COMPROBANTE VALIDO,,,1301,,GONZALEZ GAMEZ Y ASOCIADOS,c424fd2e-b851-4723-98d4-4a4a5f914e25
GGA230218GL3,CLE810525EA1,1,542,2026-08-05,2026-08-05 12:46:39,"$113,267.49","$18,122.80","$131,390.29",COMPROBANTE VALIDO,,,5901,,GONZALEZ GAMEZ Y ASOCIADOS,ed130b8a-4e1c-41af-b05e-264beacdf69a
GOCS580720F24,AIH0912101V1,,526,2026-05-13,2026-06-02 11:23:43,"$40,497.60","$6,479.62","$46,977.22",COMPROBANTE VALIDO,,,1004,,SERGIO GONZALEZ CASTILLO,bf6b8f1b-b26d-421b-b08f-7350cc506711
GOCS580720F24,AIH0912101V1,,527,2026-05-13,2026-06-02 11:20:46,"$54,700.00","$8,752.00","$63,452.00",COMPROBANTE VALIDO,,,1021,,SERGIO GONZALEZ CASTILLO,70ac7696-de59-4131-bc57-28f1118b475a
GOCS580720F24,CLE810525EA1,,511,2026-02-12,2026-02-11 17:11:11,"$38,000.00","$6,080.00","$44,080.00",COMPROBANTE VALIDO,,,4080,,SERGIO GONZALEZ CASTILLO,6d641fa9-b2ba-435c-89e0-f9077371ff69
GOCS580720F24,CLE810525EA1,,512,2026-02-12,2026-02-11 17:16:50,"$48,000.00","$7,680.00","$55,680.00",COMPROBANTE VALIDO,,,5901,,SERGIO GONZALEZ CASTILLO,075a9c8b-56ef-4263-9cd4-78b03ec5dbc7
GOCS580720F24,CLE810525EA1,,513,2026-02-13,2026-02-13 12:13:57,"$20,000.00","$3,200.00","$23,200.00",COMPROBANTE VALIDO,,,1200,,SERGIO GONZALEZ CASTILLO,4a87f9db-785a-4263-968c-22bd95689dae
GOCS580720F24,CLE810525EA1,,514,2026-02-13,2026-02-13 12:16:46,"$20,000.00","$3,200.00","$23,200.00",COMPROBANTE VALIDO,,,1240,,SERGIO GONZALEZ CASTILLO,fdce546b-30a9-4b48-8510-9bab853db53a
GOCS580720F24,CLE810525EA1,,515,2026-02-14,2026-02-14 11:23:18,"$12,000.00","$1,920.00","$13,920.00",COMPROBANTE VALIDO,,,1362,,SERGIO GONZALEZ CASTILLO,db78bddb-6744-4037-91ea-4d875d652590
GOCS580720F24,CLE810525EA1,,516,2026-02-14,2026-02-14 11:27:42,"$12,000.00","$1,920.00","$13,920.00",COMPROBANTE VALIDO,,,1332,,SERGIO GONZALEZ CASTILLO,cd3f708a-3f25-4edb-a20e-b3a36c7791b7
GOCS580720F24,CLE810525EA1,,517,2026-02-14,2026-02-14 11:33:07,"$12,000.00","$1,920.00","$13,920.00",COMPROBANTE VALIDO,,,1267,,SERGIO GONZALEZ CASTILLO,18d397ff-f8cb-4d05-b593-2589a9b86ab9
GOCS580720F24,CLE810525EA1,,518,2026-02-14,2026-02-14 11:38:27,"$12,000.00","$1,920.00","$13,920.00",COMPROBANTE VALIDO,,,1211,,SERGIO GONZALEZ CASTILLO,528d2f93-9b55-45a2-aab4-84667fe8a66e
GOCS580720F24,CLE810525EA1,,520,2026-02-26,2026-02-26 10:32:17,"$13,000.00","$2,080.00","$15,080.00",COMPROBANTE VALIDO,,,1290,,SERGIO GONZALEZ CASTILLO,1e2c26af-2ea8-49c7-9085-a846eda28082
GOCS580720F24,CLE810525EA1,,521,2026-03-02,2026-03-13 16:13:55,"$28,500.00","$4,560.00","$33,060.00",COMPROBANTE VALIDO,,,2045,,SERGIO GONZALEZ CASTILLO,ad30aea6-08f8-47dc-8f55-66442a9add8c
GOCS580720F24,CLE810525EA1,,522,2026-03-02,2026-03-13 16:16:48,"$20,000.00","$3,200.00","$23,200.00",COMPROBANTE VALIDO,,,1312,,SERGIO GONZALEZ CASTILLO,35b90af0-9041-4215-b1a6-5aa9b856db10
GOCS580720F24,CLE810525EA1,,523,2026-03-02,2026-03-13 16:12:13,"$28,500.00","$4,560.00","$33,060.00",COMPROBANTE VALIDO,,,4011,,SERGIO GONZALEZ CASTILLO,cfa1d794-e4fe-474b-8caa-4b75179b9e1d
GOCS580720F24,CLE810525EA1,,524,2026-03-02,2026-03-13 16:10:36,"$28,500.00","$4,560.00","$33,060.00",COMPROBANTE VALIDO,,,4080,,SERGIO GONZALEZ CASTILLO,dd600f4e-c1bd-4724-9998-e823839f1353
GOCS580720F24,CLE810525EA1,,530,2026-06-10,2026-06-10 12:39:22,"$10,000.00","$1,600.00","$11,600.00",COMPROBANTE VALIDO,,,1026,,SERGIO GONZALEZ CASTILLO,04215159-f743-4c70-87a4-692912aa682e
GOCS580720F24,CLE810525EA1,,531,2026-06-10,2026-06-10 12:41:21,"$10,000.00","$1,600.00","$11,600.00",COMPROBANTE VALIDO,,,1036,,SERGIO GONZALEZ CASTILLO,7343223b-cb63-4d58-861d-fce53249f10f
GOCS580720F24,CLE810525EA1,,532,2026-06-10,2026-06-10 12:43:20,"$10,000.00","$1,600.00","$11,600.00",COMPROBANTE VALIDO,,,1043,,SERGIO GONZALEZ CASTILLO,47e59e4e-fa34-4ed0-972e-729c909210ea
GOCS580720F24,CLE810525EA1,,533,2026-06-10,2026-06-10 12:46:22,"$10,000.00","$1,600.00","$11,600.00",COMPROBANTE VALIDO,,,1078,,SERGIO GONZALEZ CASTILLO,83692185-9fc1-4877-938d-8140c82c9892
GOCS580720F24,CLE810525EA1,,534,2026-06-10,2026-06-10 12:48:56,"$10,000.00","$1,600.00","$11,600.00",COMPROBANTE VALIDO,,,1082,,SERGIO GONZALEZ CASTILLO,e148cd33-795c-4c2e-b9c6-e8cd88d2a7a2
GOCS580720F24,CLE810525EA1,,535,2026-06-10,2026-06-16 12:45:04,"$10,000.00","$1,600.00","$11,600.00",COMPROBANTE VALIDO,,,1096,,SERGIO GONZALEZ CASTILLO,43852101-219f-4955-8542-b912c88ccf98
GOCS580720F24,CLE810525EA1,,536,2026-06-10,2026-06-10 13:33:49,"$10,000.00","$1,600.00","$11,600.00",COMPROBANTE VALIDO,,,1336,,SERGIO GONZALEZ CASTILLO,637fb09a-60b2-4340-87f8-f957cb1204da
GOCS580720F24,CLE810525EA1,,538,2026-06-10,2026-06-10 13:41:52,"$10,000.00","$1,600.00","$11,600.00",COMPROBANTE VALIDO,,,1141,,SERGIO GONZALEZ CASTILLO,3b8a615b-65f1-4350-928c-eab2074a9ffa
GOCS580720F24,CLE810525EA1,,539,2026-06-10,2026-06-10 13:44:12,"$10,000.00","$1,600.00","$11,600.00",COMPROBANTE VALIDO,,,1143,,SERGIO GONZALEZ CASTILLO,08921cac-4bd9-41fb-9efa-a07464d04913
GOCS580720F24,CLE810525EA1,,540,2026-06-10,2026-06-16 12:46:55,"$10,000.00","$1,600.00","$11,600.00",COMPROBANTE VALIDO,,,1147,,SERGIO GONZALEZ CASTILLO,62a7a5d0-9db8-4673-ba34-ac2755875679
GOCS580720F24,CLE810525EA1,,541,2026-06-10,2026-06-10 14:05:41,"$10,000.00","$1,600.00","$11,600.00",COMPROBANTE VALIDO,,,1160,,SERGIO GONZALEZ CASTILLO,9baaa399-14fd-4220-b189-aa71e0e3d61b
GOCS580720F24,CLE810525EA1,,542,2026-06-10,2026-06-10 14:10:33,"$10,000.00","$1,600.00","$11,600.00",COMPROBANTE VALIDO,,,1192,,SERGIO GONZALEZ CASTILLO,f24eb69b-1d16-4826-b5d8-0879b74c30d5
GOCS580720F24,CLE810525EA1,,543,2026-06-10,2026-06-10 14:12:27,"$10,000.00","$1,600.00","$11,600.00",COMPROBANTE VALIDO,,,1203,,SERGIO GONZALEZ CASTILLO,f815ff8e-71b8-470d-80df-b9eee5430a09
GOCS580720F24,CLE810525EA1,,544,2026-06-10,2026-06-10 14:15:56,"$10,000.00","$1,600.00","$11,600.00",COMPROBANTE VALIDO,,,1204,,SERGIO GONZALEZ CASTILLO,e4ff1a5e-d912-4c2c-a707-13b1b82f8a74
GOCS580720F24,CLE810525EA1,,545,2026-06-11,2026-06-11 11:20:59,"$10,000.00","$1,600.00","$11,600.00",COMPROBANTE VALIDO,,,1254,,SERGIO GONZALEZ CASTILLO,57b8c396-b1fe-4360-8a5c-0bf72e9fb976
GOCS580720F24,CLE810525EA1,,546,2026-06-11,2026-06-11 11:25:13,"$10,000.00","$1,600.00","$11,600.00",COMPROBANTE VALIDO,,,1298,,SERGIO GONZALEZ CASTILLO,21af89ed-8f8b-47db-90e8-e116e7955dae
GOCS580720F24,CLE810525EA1,,547,2026-06-11,2026-06-11 11:27:00,"$10,000.00","$1,600.00","$11,600.00",COMPROBANTE VALIDO,,,4031,,SERGIO GONZALEZ CASTILLO,dff78d84-4677-4193-9612-287065473026
GOCS580720F24,CLE810525EA1,,548,2026-06-11,2026-06-11 11:31:23,"$10,000.00","$1,600.00","$11,600.00",COMPROBANTE VALIDO,,,2034,,SERGIO GONZALEZ CASTILLO,bd27b824-29c8-446a-9dd1-fba528b2a7db
GOCS580720F24,CLE810525EA1,,549,2026-06-11,2026-06-11 11:32:58,"$10,000.00","$1,600.00","$11,600.00",COMPROBANTE VALIDO,,,2190,,SERGIO GONZALEZ CASTILLO,a7afba06-86f1-45a9-96c6-585b3b85d58b
GOCS580720F24,CLE810525EA1,,550,2026-06-11,2026-06-11 11:39:00,"$10,000.00","$1,600.00","$11,600.00",COMPROBANTE VALIDO,,,1193,,SERGIO GONZALEZ CASTILLO,57841fa7-51fa-4a64-aa41-ccad36a13c29
GOCS580720F24,CLE810525EA1,,551,2026-06-11,2026-06-11 11:50:30,"$10,000.00","$1,600.00","$11,600.00",COMPROBANTE VALIDO,,,1216,,SERGIO GONZALEZ CASTILLO,57e66470-199d-4853-b841-1efbac43c476
GOCS580720F24,CLE810525EA1,,552,2026-06-11,2026-06-11 11:52:15,"$10,000.00","$1,600.00","$11,600.00",COMPROBANTE VALIDO,,,1241,,SERGIO GONZALEZ CASTILLO,3b48fe5b-4b82-4d53-b7d3-b08e267c862c
GOCS580720F24,CLE810525EA1,,553,2026-06-11,2026-06-11 11:53:58,"$10,000.00","$1,600.00","$11,600.00",COMPROBANTE VALIDO,,,1393,,SERGIO GONZALEZ CASTILLO,f2339809-29ca-4a51-87ce-0ebb5ff1ade5
GOCS580720F24,CLE810525EA1,,554,2026-06-11,2026-06-11 11:55:32,"$10,000.00","$1,600.00","$11,600.00",COMPROBANTE VALIDO,,,1328,,SERGIO GONZALEZ CASTILLO,3227e064-b521-452c-be89-c54eb5c346ea
GOCS580720F24,CLE810525EA1,,555,2026-06-11,2026-06-11 11:56:58,"$10,000.00","$1,600.00","$11,600.00",COMPROBANTE VALIDO,,,1130,,SERGIO GONZALEZ CASTILLO,78566719-9b54-4c28-b457-1f61950652b3
GOCS580720F24,CLE810525EA1,,556,2026-06-11,2026-06-11 11:58:32,"$10,000.00","$1,600.00","$11,600.00",COMPROBANTE VALIDO,,,1220,,SERGIO GONZALEZ CASTILLO,b55557ce-5c79-491c-ad17-a9bbd69bf3a3
GOCS580720F24,CLE810525EA1,,557,2026-06-11,2026-06-11 11:59:46,"$10,000.00","$1,600.00","$11,600.00",COMPROBANTE VALIDO,,,1189,,SERGIO GONZALEZ CASTILLO,f27dbb08-9f67-47b6-9ceb-a942f33709de
GOCS580720F24,CLE810525EA1,,558,2026-06-11,2026-06-11 12:01:29,"$10,000.00","$1,600.00","$11,600.00",COMPROBANTE VALIDO,,,1387,,SERGIO GONZALEZ CASTILLO,231bc085-d7d3-4240-b7f9-ba165b016a88
GOCS580720F24,CLE810525EA1,,559,2026-06-11,2026-06-11 12:02:43,"$10,000.00","$1,600.00","$11,600.00",COMPROBANTE VALIDO,,,1079,,SERGIO GONZALEZ CASTILLO,939231fb-2f37-4f83-a139-a41fb0dec2c2
GOCS580720F24,CLE810525EA1,,560,2026-06-11,2026-06-11 12:03:51,"$10,000.00","$1,600.00","$11,600.00",COMPROBANTE VALIDO,,,1128,,SERGIO GONZALEZ CASTILLO,3e94f534-b125-40d4-a7a4-b95a539dc81c
GOCS580720F24,CLE810525EA1,,561,2026-06-11,2026-06-11 12:05:03,"$10,000.00","$1,600.00","$11,600.00",COMPROBANTE VALIDO,,,1198,,SERGIO GONZALEZ CASTILLO,5dcb8887-7414-4d9b-a07b-a5979c3aa92f
GOCS580720F24,CLE810525EA1,,562,2026-06-11,2026-06-11 12:06:32,"$10,000.00","$1,600.00","$11,600.00",COMPROBANTE VALIDO,,,1206,,SERGIO GONZALEZ CASTILLO,f36c0e46-5dda-45c9-987c-01600a7d2dd2
GOCS580720F24,CLE810525EA1,,563,2026-06-11,2026-06-11 12:07:56,"$10,000.00","$1,600.00","$11,600.00",COMPROBANTE VALIDO,,,1222,,SERGIO GONZALEZ CASTILLO,7a2dc661-bb4d-461c-840b-3fcdbbbdb6b1
GOCS580720F24,CLE810525EA1,,564,2026-06-11,2026-06-11 12:09:32,"$10,000.00","$1,600.00","$11,600.00",COMPROBANTE VALIDO,,,1245,,SERGIO GONZALEZ CASTILLO,19f9c3cb-3396-4d77-bdcc-47e12d177aea
GOCS580720F24,CLE810525EA1,,565,2026-06-11,2026-06-11 12:13:41,"$10,000.00","$1,600.00","$11,600.00",COMPROBANTE VALIDO,,,1268,,SERGIO GONZALEZ CASTILLO,b9bf6f43-9071-4900-80ff-eea1d3f56bf3
GOCS580720F24,CLE810525EA1,,566,2026-06-11,2026-06-11 12:15:23,"$10,000.00","$1,600.00","$11,600.00",COMPROBANTE VALIDO,,,1322,,SERGIO GONZALEZ CASTILLO,25e2be24-d32b-4d1b-9970-b85098ca2bcc
GOCS580720F24,CLE810525EA1,,567,2026-06-11,2026-06-11 12:16:41,"$10,000.00","$1,600.00","$11,600.00",COMPROBANTE VALIDO,,,1323,,SERGIO GONZALEZ CASTILLO,429f0632-730c-4b72-a2b7-ba446d1197a9
GOCS580720F24,CLE810525EA1,,568,2026-06-11,2026-06-11 12:17:47,"$10,000.00","$1,600.00","$11,600.00",COMPROBANTE VALIDO,,,4391,,SERGIO GONZALEZ CASTILLO,d3794aed-ea3a-439c-8a6b-662d60491d2a
GOCS580720F24,CLE810525EA1,,569,2026-06-11,2026-06-11 12:18:45,"$10,000.00","$1,600.00","$11,600.00",COMPROBANTE VALIDO,,,2030,,SERGIO GONZALEZ CASTILLO,2f5bb596-b290-4e9f-8c90-bfa59dfcbdd3
GOCS580720F24,CLE810525EA1,,570,2026-06-11,2026-06-11 12:19:47,"$10,000.00","$1,600.00","$11,600.00",COMPROBANTE VALIDO,,,1259,,SERGIO GONZALEZ CASTILLO,cac72913-4cb1-4852-9b49-c42b95a98e27
GOCS580720F24,CLE810525EA1,,571,2026-06-12,2026-06-12 10:24:08,"$10,000.00","$1,600.00","$11,600.00",COMPROBANTE VALIDO,,,1026,,SERGIO GONZALEZ CASTILLO,abafcbc5-1f35-47b3-bbd4-cc1174564778
GOCS580720F24,CLE810525EA1,,572,2026-06-12,2026-06-12 10:25:33,"$10,000.00","$1,600.00","$11,600.00",COMPROBANTE VALIDO,,,1036,,SERGIO GONZALEZ CASTILLO,7db7d301-9395-48ad-a8f0-15690918d38a
GOCS580720F24,CLE810525EA1,,573,2026-06-12,2026-06-12 10:26:51,"$10,000.00","$1,600.00","$11,600.00",COMPROBANTE VALIDO,,,1043,,SERGIO GONZALEZ CASTILLO,f27c2ed2-c94c-4bd9-a624-6ba2d1b14510
GOCS580720F24,CLE810525EA1,,574,2026-06-12,2026-06-12 10:28:15,"$10,000.00","$1,600.00","$11,600.00",COMPROBANTE VALIDO,,,1078,,SERGIO GONZALEZ CASTILLO,d8d77693-de6a-431f-9e4d-bd720b3c7b3e
GOCS580720F24,CLE810525EA1,,575,2026-06-12,2026-06-12 10:29:33,"$10,000.00","$1,600.00","$11,600.00",COMPROBANTE VALIDO,,,1082,,SERGIO GONZALEZ CASTILLO,3a3419b7-be88-4abd-a265-4110a6d1c713
GOCS580720F24,CLE810525EA1,,576,2026-06-12,2026-06-12 10:30:50,"$10,000.00","$1,600.00","$11,600.00",COMPROBANTE VALIDO,,,1096,,SERGIO GONZALEZ CASTILLO,ac0c8f97-b27f-4e07-bd7b-ce00f0dc086c
GOCS580720F24,CLE810525EA1,,577,2026-06-12,2026-06-12 10:31:58,"$10,000.00","$1,600.00","$11,600.00",COMPROBANTE VALIDO,,,1336,,SERGIO GONZALEZ CASTILLO,b72369e9-5335-48fa-ab46-d86c90bb19b9
GOCS580720F24,CLE810525EA1,,578,2026-06-12,2026-06-12 10:33:18,"$10,000.00","$1,600.00","$11,600.00",COMPROBANTE VALIDO,,,1140,,SERGIO GONZALEZ CASTILLO,cfde92a0-3e5b-4d1c-9364-483aa9659ffa
GOCS580720F24,CLE810525EA1,,579,2026-06-12,2026-06-12 10:35:31,"$10,000.00","$1,600.00","$11,600.00",COMPROBANTE VALIDO,,,1141,,SERGIO GONZALEZ CASTILLO,f14c5a5e-a740-4839-ba14-a85c8c356f61
GOCS580720F24,CLE810525EA1,,580,2026-06-12,2026-06-12 10:36:56,"$10,000.00","$1,600.00","$11,600.00",COMPROBANTE VALIDO,,,1143,,SERGIO GONZALEZ CASTILLO,2f8b13e7-b889-47bb-9e37-36e826e3c2de
GOCS580720F24,CLE810525EA1,,581,2026-06-12,2026-06-12 10:38:20,"$10,000.00","$1,600.00","$11,600.00",COMPROBANTE VALIDO,,,1147,,SERGIO GONZALEZ CASTILLO,9e52a4ed-1569-4a7b-a665-5df8e80d5c64
GOCS580720F24,CLE810525EA1,,582,2026-06-12,2026-06-12 10:40:02,"$10,000.00","$1,600.00","$11,600.00",COMPROBANTE VALIDO,,,1160,,SERGIO GONZALEZ CASTILLO,773324bf-2dea-411f-8dc2-791bb4f0c4cf
GOCS580720F24,CLE810525EA1,,583,2026-06-12,2026-06-12 10:42:48,"$10,000.00","$1,600.00","$11,600.00",COMPROBANTE VALIDO,,,1192,,SERGIO GONZALEZ CASTILLO,3a6f9b80-319b-4db9-b9a3-53af17ef9ade
GOCS580720F24,CLE810525EA1,,584,2026-06-12,2026-06-12 10:44:06,"$10,000.00","$1,600.00","$11,600.00",COMPROBANTE VALIDO,,,1203,,SERGIO GONZALEZ CASTILLO,74134aa8-3a2d-44da-817d-07b533f53da4
GOCS580720F24,CLE810525EA1,,585,2026-06-12,2026-06-12 10:45:25,"$10,000.00","$1,600.00","$11,600.00",COMPROBANTE VALIDO,,,1204,,SERGIO GONZALEZ CASTILLO,0a235b30-9bdc-40c9-b2f7-bfa14fb40777
GOCS580720F24,CLE810525EA1,,586,2026-06-12,2026-06-12 12:37:02,"$10,000.00","$1,600.00","$11,600.00",COMPROBANTE VALIDO,,,1254,,SERGIO GONZALEZ CASTILLO,db739a7c-f89a-493e-abb8-1e33f923c86d
GOCS580720F24,CLE810525EA1,,587,2026-06-12,2026-06-12 12:38:14,"$10,000.00","$1,600.00","$11,600.00",COMPROBANTE VALIDO,,,1298,,SERGIO GONZALEZ CASTILLO,d14db624-3607-43d1-b237-9e635b91d52a
GOCS580720F24,CLE810525EA1,,588,2026-06-12,2026-06-12 12:39:35,"$10,000.00","$1,600.00","$11,600.00",COMPROBANTE VALIDO,,,4031,,SERGIO GONZALEZ CASTILLO,0d0f047b-5e54-4aad-b53c-ccf2efe3a9d2
GOCS580720F24,CLE810525EA1,,589,2026-06-12,2026-06-12 12:40:37,"$10,000.00","$1,600.00","$11,600.00",COMPROBANTE VALIDO,,,2034,,SERGIO GONZALEZ CASTILLO,2b92016c-f5e7-4680-94cd-645d01c86531
GOCS580720F24,CLE810525EA1,,590,2026-06-12,2026-06-12 12:41:48,"$10,000.00","$1,600.00","$11,600.00",COMPROBANTE VALIDO,,,2190,,SERGIO GONZALEZ CASTILLO,5bf03174-47f6-4133-9a19-45545d20f166
GOCS580720F24,CLE810525EA1,,591,2026-06-12,2026-06-12 12:42:56,"$10,000.00","$1,600.00","$11,600.00",COMPROBANTE VALIDO,,,1193,,SERGIO GONZALEZ CASTILLO,eaad2914-dabb-4dbf-a2d3-4f9fa12036c7
GOCS580720F24,CLE810525EA1,,592,2026-06-12,2026-06-12 12:44:04,"$10,000.00","$1,600.00","$11,600.00",COMPROBANTE VALIDO,,,1216,,SERGIO GONZALEZ CASTILLO,a9302695-fe0b-4508-8915-25615fcbee2c
GOCS580720F24,CLE810525EA1,,593,2026-06-12,2026-06-12 12:45:15,"$10,000.00","$1,600.00","$11,600.00",COMPROBANTE VALIDO,,,1241,,SERGIO GONZALEZ CASTILLO,964225c0-ae24-4393-8a62-0f7ee3cbb763
GOCS580720F24,CLE810525EA1,,594,2026-06-12,2026-06-12 12:46:33,"$10,000.00","$1,600.00","$11,600.00",COMPROBANTE VALIDO,,,1393,,SERGIO GONZALEZ CASTILLO,572a9e2a-ef76-4838-b1fc-ff938229d6e3
GOCS580720F24,CLE810525EA1,,595,2026-06-12,2026-06-12 12:47:46,"$10,000.00","$1,600.00","$11,600.00",COMPROBANTE VALIDO,,,1328,,SERGIO GONZALEZ CASTILLO,faa964c3-5e7f-4e51-ae07-f0c6a4b5bf0c
GOCS580720F24,CLE810525EA1,,596,2026-06-12,2026-06-12 13:14:09,"$10,000.00","$1,600.00","$11,600.00",COMPROBANTE VALIDO,,,1130,,SERGIO GONZALEZ CASTILLO,7d6b1f24-0df1-433a-b517-3b4ce1bddae2
GOCS580720F24,CLE810525EA1,,597,2026-06-12,2026-06-12 13:15:20,"$10,000.00","$1,600.00","$11,600.00",COMPROBANTE VALIDO,,,1220,,SERGIO GONZALEZ CASTILLO,61abda81-f776-42d6-86ff-65c6d6d64c35
GOCS580720F24,CLE810525EA1,,598,2026-06-12,2026-06-12 13:16:40,"$10,000.00","$1,600.00","$11,600.00",COMPROBANTE VALIDO,,,1189,,SERGIO GONZALEZ CASTILLO,1154439f-ffd9-4183-837c-3155b0597a96
GOCS580720F24,CLE810525EA1,,599,2026-06-12,2026-06-12 13:17:46,"$10,000.00","$1,600.00","$11,600.00",COMPROBANTE VALIDO,,,1387,,SERGIO GONZALEZ CASTILLO,2ceac4ce-c354-45fe-a24a-e6f12c6e78d0
GOCS580720F24,CLE810525EA1,,600,2026-06-12,2026-06-12 13:18:54,"$10,000.00","$1,600.00","$11,600.00",COMPROBANTE VALIDO,,,1079,,SERGIO GONZALEZ CASTILLO,9b3e4875-6d9d-4c0b-b036-8a38afa0cfce
GOCS580720F24,CLE810525EA1,,601,2026-06-12,2026-06-12 13:20:14,"$10,000.00","$1,600.00","$11,600.00",COMPROBANTE VALIDO,,,1128,,SERGIO GONZALEZ CASTILLO,fec91f23-9e80-46e8-a9e8-b5aabc4c0c8b
GOCS580720F24,CLE810525EA1,,602,2026-06-12,2026-06-12 13:21:39,"$10,000.00","$1,600.00","$11,600.00",COMPROBANTE VALIDO,,,1198,,SERGIO GONZALEZ CASTILLO,76aac813-6c71-4986-96ac-159a086e80f9
GOCS580720F24,CLE810525EA1,,603,2026-06-12,2026-06-12 13:23:19,"$10,000.00","$1,600.00","$11,600.00",COMPROBANTE VALIDO,,,1206,,SERGIO GONZALEZ CASTILLO,678a791c-f302-407d-859c-bf1cc0eecc9d
GOCS580720F24,CLE810525EA1,,604,2026-06-12,2026-06-12 13:24:26,"$10,000.00","$1,600.00","$11,600.00",COMPROBANTE VALIDO,,,1222,,SERGIO GONZALEZ CASTILLO,845bdb4d-5377-4199-af60-ceeeb14cf4fd
GOCS580720F24,CLE810525EA1,,605,2026-06-12,2026-06-12 13:25:37,"$10,000.00","$1,600.00","$11,600.00",COMPROBANTE VALIDO,,,1245,,SERGIO GONZALEZ CASTILLO,41c1de93-f956-4be7-8584-723aed5d4d3a
GOCS580720F24,CLE810525EA1,,606,2026-06-12,2026-06-12 14:06:34,"$10,000.00","$1,600.00","$11,600.00",COMPROBANTE VALIDO,,,1322,,SERGIO GONZALEZ CASTILLO,e84d59df-303d-4c0b-b173-ed951df5ba02
GOCS580720F24,CLE810525EA1,,607,2026-06-12,2026-06-12 14:09:09,"$10,000.00","$1,600.00","$11,600.00",COMPROBANTE VALIDO,,,1268,,SERGIO GONZALEZ CASTILLO,c6834244-5d64-4695-b944-0945603a018c
GOCS580720F24,CLE810525EA1,,608,2026-06-12,2026-06-12 14:10:37,"$10,000.00","$1,600.00","$11,600.00",COMPROBANTE VALIDO,,,1323,,SERGIO GONZALEZ CASTILLO,06952427-4eed-4021-81b1-4db4721a4a91
GOCS580720F24,CLE810525EA1,,609,2026-06-12,2026-06-12 14:11:41,"$10,000.00","$1,600.00","$11,600.00",COMPROBANTE VALIDO,,,4391,,SERGIO GONZALEZ CASTILLO,bd815b07-6393-47a8-a1cc-cc5428b5f477
GOCS580720F24,CLE810525EA1,,610,2026-06-12,2026-06-12 14:12:38,"$10,000.00","$1,600.00","$11,600.00",COMPROBANTE VALIDO,,,2030,,SERGIO GONZALEZ CASTILLO,c4b74e11-b7aa-4198-b431-a319d66fe439
GOCS580720F24,CLE810525EA1,,611,2026-06-12,2026-06-12 14:13:33,"$10,000.00","$1,600.00","$11,600.00",COMPROBANTE VALIDO,,,1259,,SERGIO GONZALEZ CASTILLO,51f9ba6b-918c-4f61-a40b-fa16161a24ef
GOCS580720F24,CLE810525EA1,,612,2026-06-12,2026-06-12 14:14:30,"$10,000.00","$1,600.00","$11,600.00",COMPROBANTE VALIDO,,,1390,,SERGIO GONZALEZ CASTILLO,85303ed7-10a2-4f99-983e-3b7699c50a99
GOCS580720F24,CLE810525EA1,,613,2026-06-12,2026-06-12 14:15:35,"$10,000.00","$1,600.00","$11,600.00",COMPROBANTE VALIDO,,,1088,,SERGIO GONZALEZ CASTILLO,3c10c237-ba95-4ddf-87ea-ed0fc6d91376
GOCS580720F24,CLE810525EA1,,614,2026-06-12,2026-06-12 14:17:46,"$10,000.00","$1,600.00","$11,600.00",COMPROBANTE VALIDO,,,1388,,SERGIO GONZALEZ CASTILLO,9bc57ccd-780f-474b-a2eb-412774e73256
GOCS580720F24,CLE810525EA1,,615,2026-06-12,2026-06-12 14:18:36,"$10,000.00","$1,600.00","$11,600.00",COMPROBANTE VALIDO,,,1228,,SERGIO GONZALEZ CASTILLO,fdfb6afb-bd34-4f0e-a6be-b6fef994097d
GOCS580720F24,CLE810525EA1,,616,2026-06-12,2026-06-12 14:20:25,"$10,000.00","$1,600.00","$11,600.00",COMPROBANTE VALIDO,,,1327,,SERGIO GONZALEZ CASTILLO,6c4a2263-9b70-4842-94de-9df0b5ee1305
GOCS580720F24,CLE810525EA1,,617,2026-06-12,2026-06-12 14:21:23,"$10,000.00","$1,600.00","$11,600.00",COMPROBANTE VALIDO,,,1191,,SERGIO GONZALEZ CASTILLO,3b85ba6f-5c15-4208-bb03-dfa0e4ab4f8e
GOCS580720F24,CLE810525EA1,,618,2026-06-12,2026-06-12 14:22:34,"$10,000.00","$1,600.00","$11,600.00",COMPROBANTE VALIDO,,,1271,,SERGIO GONZALEZ CASTILLO,1184cfaa-e4e3-4007-ad5c-fba2a7f8861b
GOCS580720F24,CLE810525EA1,,619,2026-06-12,2026-06-12 14:24:57,"$10,000.00","$1,600.00","$11,600.00",COMPROBANTE VALIDO,,,1040,,SERGIO GONZALEZ CASTILLO,40785b2d-e9c1-4b03-90cc-3098c467b538
GOCS580720F24,CLE810525EA1,,620,2026-06-12,2026-06-12 14:26:04,"$10,000.00","$1,600.00","$11,600.00",COMPROBANTE VALIDO,,,1073,,SERGIO GONZALEZ CASTILLO,e9c6d6f7-4148-4c6c-bea6-6e480e459c51
GOCS580720F24,CLE810525EA1,,621,2026-06-12,2026-06-12 14:27:24,"$10,000.00","$1,600.00","$11,600.00",COMPROBANTE VALIDO,,,1115,,SERGIO GONZALEZ CASTILLO,6c327b41-c38c-44e7-9cf4-a0165aa22d0c
GOCS580720F24,CLE810525EA1,,622,2026-06-12,2026-06-12 14:29:01,"$10,000.00","$1,600.00","$11,600.00",COMPROBANTE VALIDO,,,1176,,SERGIO GONZALEZ CASTILLO,b6c1f8f1-e998-41af-888f-d23557dbd8fd
GOCS580720F24,CLE810525EA1,,623,2026-06-12,2026-06-12 14:30:23,"$10,000.00","$1,600.00","$11,600.00",COMPROBANTE VALIDO,,,1264,,SERGIO GONZALEZ CASTILLO,21241b55-c7c8-45cf-9420-a7302456370f
GOCS580720F24,CLE810525EA1,,624,2026-06-12,2026-06-12 14:31:22,"$10,000.00","$1,600.00","$11,600.00",COMPROBANTE VALIDO,,,1347,,SERGIO GONZALEZ CASTILLO,4abc9696-36df-40b7-936a-64b7ecd0e76b
GOCS580720F24,CLE810525EA1,,625,2026-06-12,2026-06-12 14:33:00,"$10,000.00","$1,600.00","$11,600.00",COMPROBANTE VALIDO,,,1306,,SERGIO GONZALEZ CASTILLO,11782e7d-0a08-4d56-ac5c-fdae1e37f414
GOCS580720F24,CLE810525EA1,,626,2026-06-12,2026-06-12 14:34:05,"$10,000.00","$1,600.00","$11,600.00",COMPROBANTE VALIDO,,,1390,,SERGIO GONZALEZ CASTILLO,1c388274-b505-4f1b-b2d1-a6ddd5110360
GOCS580720F24,CLE810525EA1,,628,2026-07-03,2026-07-03 13:03:54,"$10,000.00","$1,600.00","$11,600.00",COMPROBANTE VALIDO,,,1088,,SERGIO GONZALEZ CASTILLO,aedc62dd-5cc3-4cf6-a4d2-a26ce8015373
GOCS580720F24,CLE810525EA1,,629,2026-07-03,2026-07-03 13:05:16,"$10,000.00","$1,600.00","$11,600.00",COMPROBANTE VALIDO,,,1388,,SERGIO GONZALEZ CASTILLO,5f0f1877-aa05-4f13-ac7e-d2c808ace317
GOCS580720F24,CLE810525EA1,,630,2026-07-03,2026-07-03 13:06:38,"$10,000.00","$1,600.00","$11,600.00",COMPROBANTE VALIDO,,,1228,,SERGIO GONZALEZ CASTILLO,7fee876b-db79-4228-bc86-4685d2b07817
GOCS580720F24,CLE810525EA1,,631,2026-07-03,2026-07-03 13:08:11,"$10,000.00","$1,600.00","$11,600.00",COMPROBANTE VALIDO,,,1327,,SERGIO GONZALEZ CASTILLO,aa75f725-6a02-4353-819d-0912d546f8a9
GOCS580720F24,CLE810525EA1,,632,2026-07-03,2026-07-03 13:09:30,"$10,000.00","$1,600.00","$11,600.00",COMPROBANTE VALIDO,,,1191,,SERGIO GONZALEZ CASTILLO,e672afc5-5efa-4a3a-afc7-f3a70b20f563
GOCS580720F24,CLE810525EA1,,633,2026-07-03,2026-07-03 13:11:00,"$10,000.00","$1,600.00","$11,600.00",COMPROBANTE VALIDO,,,1271,,SERGIO GONZALEZ CASTILLO,d5628524-27be-45dd-9877-fc328149a9fa
GOCS580720F24,CLE810525EA1,,634,2026-07-03,2026-07-03 13:12:12,"$10,000.00","$1,600.00","$11,600.00",COMPROBANTE VALIDO,,,1040,,SERGIO GONZALEZ CASTILLO,e0e3ac52-81da-4109-8417-51318bbd8be8
GOCS580720F24,CLE810525EA1,,635,2026-07-03,2026-07-03 13:13:38,"$10,000.00","$1,600.00","$11,600.00",COMPROBANTE VALIDO,,,1073,,SERGIO GONZALEZ CASTILLO,432e9003-04fb-487e-aebc-74fcbc071c54
GOCS580720F24,CLE810525EA1,,636,2026-07-03,2026-07-03 13:14:57,"$10,000.00","$1,600.00","$11,600.00",COMPROBANTE VALIDO,,,1115,,SERGIO GONZALEZ CASTILLO,4f725abb-fd50-49c2-b981-e87b7bbfd5dd
GOCS580720F24,CLE810525EA1,,637,2026-07-03,2026-07-03 13:16:04,"$10,000.00","$1,600.00","$11,600.00",COMPROBANTE VALIDO,,,1176,,SERGIO GONZALEZ CASTILLO,f105815d-ad6a-4157-a040-be5e92858f19
GOCS580720F24,CLE810525EA1,,638,2026-07-03,2026-07-03 13:17:21,"$10,000.00","$1,600.00","$11,600.00",COMPROBANTE VALIDO,,,1264,,SERGIO GONZALEZ CASTILLO,e31a0363-0aa3-46d3-96f3-1c846ad20953
GOCS580720F24,CLE810525EA1,,639,2026-07-03,2026-07-03 13:18:29,"$10,000.00","$1,600.00","$11,600.00",COMPROBANTE VALIDO,,,1347,,SERGIO GONZALEZ CASTILLO,ef6a86b0-2541-4828-a44d-278c03cada45
GOCS580720F24,CLE810525EA1,,640,2026-07-03,2026-07-03 13:19:45,"$10,000.00","$1,600.00","$11,600.00",COMPROBANTE VALIDO,,,1306,,SERGIO GONZALEZ CASTILLO,0f6e049c-622c-47b3-817d-b913ce8b684c
GOCS580720F24,CLE810525EA1,,641,2026-07-03,2026-07-03 13:20:48,"$10,000.00","$1,600.00","$11,600.00",COMPROBANTE VALIDO,,,1390,,SERGIO GONZALEZ CASTILLO,3091ebd8-fae8-43bd-a59f-20f52d321235
GOCS580720F24,CLE810525EA1,,642,2026-07-22,2026-07-22 10:12:08,"$11,000.00","$1,760.00","$12,760.00",COMPROBANTE VALIDO,,,1281,,SERGIO GONZALEZ CASTILLO,6f602683-7620-482a-b342-627995dbe574
GOCS580720F24,CLE810525EA1,,643,2026-07-22,2026-07-22 10:13:52,"$11,000.00","$1,760.00","$12,760.00",COMPROBANTE VALIDO,,,1374,,SERGIO GONZALEZ CASTILLO,340fbeb4-4239-4228-b9cf-c61225bb57e7
GOCS580720F24,CLE810525EA1,,644,2026-07-22,2026-07-22 10:16:53,"$11,000.00","$1,760.00","$12,760.00",COMPROBANTE VALIDO,,,1373,,SERGIO GONZALEZ CASTILLO,54350522-a685-406f-826a-575b4a99c6c0
GOCS580720F24,CLE810525EA1,,645,2026-07-22,2026-07-22 10:18:41,"$11,000.00","$1,760.00","$12,760.00",COMPROBANTE VALIDO,,,1367,,SERGIO GONZALEZ CASTILLO,b30cf6e8-491c-4f83-9d2d-7ad0f66acd8b
GOCS580720F24,CLE810525EA1,,646,2026-07-22,2026-07-22 10:20:30,"$11,000.00","$1,760.00","$12,760.00",COMPROBANTE VALIDO,,,1362,,SERGIO GONZALEZ CASTILLO,1e2bd6a2-7a10-464c-b65e-5357d5da2ed7
GOCS580720F24,CLE810525EA1,,647,2026-07-22,2026-07-22 10:22:19,"$11,000.00","$1,760.00","$12,760.00",COMPROBANTE VALIDO,,,1358,,SERGIO GONZALEZ CASTILLO,11d14c47-4dd4-48ee-982d-988631c5f05e
GOCS580720F24,CLE810525EA1,,648,2026-07-22,2026-07-22 10:24:20,"$11,000.00","$1,760.00","$12,760.00",COMPROBANTE VALIDO,,,1273,,SERGIO GONZALEZ CASTILLO,fd048dd2-b3d4-4943-a49d-604f51d627f5
GOCS580720F24,CLE810525EA1,,649,2026-07-22,2026-07-22 10:26:39,"$11,000.00","$1,760.00","$12,760.00",COMPROBANTE VALIDO,,,1227,,SERGIO GONZALEZ CASTILLO,f5fca9c5-544f-4d81-916a-127e7d6f2147
GOCS580720F24,CLE810525EA1,,650,2026-07-22,2026-07-22 10:29:20,"$11,000.00","$1,760.00","$12,760.00",COMPROBANTE VALIDO,,,4360,,SERGIO GONZALEZ CASTILLO,9d2c9615-3055-4f70-ac63-c0944f9bea9e
GOCS580720F24,CLE810525EA1,,651,2026-07-22,2026-07-22 10:32:04,"$11,000.00","$1,760.00","$12,760.00",COMPROBANTE VALIDO,,,4080,,SERGIO GONZALEZ CASTILLO,97f6cfb0-386d-40aa-a15d-10dc56fc77af
GOCS580720F24,CLE810525EA1,,652,2026-07-22,2026-07-22 10:34:06,"$11,000.00","$1,760.00","$12,760.00",COMPROBANTE VALIDO,,,4027,,SERGIO GONZALEZ CASTILLO,d05fa94c-4a0d-4a37-ab75-78f943207113
GOCS580720F24,CLE810525EA1,,653,2026-07-22,2026-07-22 10:35:43,"$11,000.00","$1,760.00","$12,760.00",COMPROBANTE VALIDO,,,4011,,SERGIO GONZALEZ CASTILLO,eba3944a-586b-437f-830f-4e41351ebd8f
GOCS580720F24,CLE810525EA1,,654,2026-07-22,2026-07-22 10:37:13,"$11,000.00","$1,760.00","$12,760.00",COMPROBANTE VALIDO,,,5901,,SERGIO GONZALEZ CASTILLO,6122c4da-0b1f-48b4-8ee6-ee2d3767d4cc
GOCS580720F24,CLE810525EA1,,655,2026-07-22,2026-07-22 10:40:25,"$11,000.00","$1,760.00","$12,760.00",COMPROBANTE VALIDO,,,2024,,SERGIO GONZALEZ CASTILLO,9a832af3-75d3-4d7c-866e-ae825ba4ecf8
GOCS580720F24,CLE810525EA1,,656,2026-07-22,2026-07-22 10:42:00,"$11,000.00","$1,760.00","$12,760.00",COMPROBANTE VALIDO,,,2007,,SERGIO GONZALEZ CASTILLO,9f25e3b7-7a86-4c6e-9f73-26607c03b881
GOCS580720F24,CLE810525EA1,,657,2026-07-22,2026-07-22 10:43:39,"$11,000.00","$1,760.00","$12,760.00",COMPROBANTE VALIDO,,,1412,,SERGIO GONZALEZ CASTILLO,c69028c2-f6bc-489c-a0fd-1ee5296e05e0
GOCS580720F24,CLE810525EA1,,658,2026-07-22,2026-07-22 10:45:30,"$11,000.00","$1,760.00","$12,760.00",COMPROBANTE VALIDO,,,1171,,SERGIO GONZALEZ CASTILLO,8f39bec7-5ee7-4f6c-bc6d-43a879ffb0a5
GOCS580720F24,CLE810525EA1,,659,2026-07-22,2026-07-22 10:47:17,"$11,000.00","$1,760.00","$12,760.00",COMPROBANTE VALIDO,,,1394,,SERGIO GONZALEZ CASTILLO,a34fce36-3a43-4cb7-9011-dbad063c1cc3
GOCS580720F24,CLE810525EA1,,661,2026-07-30,2026-07-30 15:02:50,"$11,000.00","$1,760.00","$12,760.00",COMPROBANTE VALIDO,,,1133,,SERGIO GONZALEZ CASTILLO,37adba84-154c-4ad1-b4cd-dc7cebf02a22
GOCS580720F24,CLE810525EA1,,662,2026-07-30,2026-07-30 15:05:33,"$11,000.00","$1,760.00","$12,760.00",COMPROBANTE VALIDO,,,1132,,SERGIO GONZALEZ CASTILLO,d10bcdcc-3064-406e-9e3c-fcea28b89d86
GOCS580720F24,CLE810525EA1,,663,2026-07-30,2026-07-30 15:07:05,"$11,000.00","$1,760.00","$12,760.00",COMPROBANTE VALIDO,,,1092,,SERGIO GONZALEZ CASTILLO,8d8e8967-6600-4e2c-92df-930977cc7b02
GOCS580720F24,CLE810525EA1,,664,2026-07-30,2026-07-30 15:08:26,"$11,000.00","$1,760.00","$12,760.00",COMPROBANTE VALIDO,,,1086,,SERGIO GONZALEZ CASTILLO,02ee88f9-a8c1-4e11-ae66-5ddf8aa0d631
GOCS580720F24,CLE810525EA1,,665,2026-07-30,2026-07-30 15:11:17,"$11,000.00","$1,760.00","$12,760.00",COMPROBANTE VALIDO,,,1056,,SERGIO GONZALEZ CASTILLO,f9faf7d2-554c-4646-b3f2-3bbfef5290e9
GOCS580720F24,CLE810525EA1,,666,2026-07-30,2026-07-30 15:13:56,"$11,000.00","$1,760.00","$12,760.00",COMPROBANTE VALIDO,,,1048,,SERGIO GONZALEZ CASTILLO,5ca7fe46-1b34-4b20-93e2-184a7bda7955
GOCS580720F24,CLE810525EA1,,667,2026-07-30,2026-07-30 15:15:30,"$11,000.00","$1,760.00","$12,760.00",COMPROBANTE VALIDO,,,1016,,SERGIO GONZALEZ CASTILLO,dc7319f4-638a-4374-939f-32adf86676b8
GOCS580720F24,CLE810525EA1,,668,2026-07-30,2026-07-30 15:16:59,"$11,000.00","$1,760.00","$12,760.00",COMPROBANTE VALIDO,,,1004,,SERGIO GONZALEZ CASTILLO,799b57e0-2a06-4693-babd-2173b02fa6fc
GOCS580720F24,CLE810525EA1,,669,2026-07-30,2026-07-30 15:18:32,"$11,000.00","$1,760.00","$12,760.00",COMPROBANTE VALIDO,,,1003,,SERGIO GONZALEZ CASTILLO,e400d60f-585c-4db9-9ff5-236c1888af72
GOCS580720F24,CLE810525EA1,,670,2026-07-30,2026-07-30 15:19:44,"$11,000.00","$1,760.00","$12,760.00",COMPROBANTE VALIDO,,,2045,,SERGIO GONZALEZ CASTILLO,89929e4a-af36-4060-a4ac-0ce46415d3ae
GOCS580720F24,CLE810525EA1,,671,2026-07-30,2026-07-30 15:20:57,"$11,000.00","$1,760.00","$12,760.00",COMPROBANTE VALIDO,,,1411,,SERGIO GONZALEZ CASTILLO,9336a886-5d7d-4847-8d64-fbb5ae0e3a3e
GOCS580720F24,CLE810525EA1,,672,2026-07-30,2026-07-30 15:22:05,"$11,000.00","$1,760.00","$12,760.00",COMPROBANTE VALIDO,,,1405,,SERGIO GONZALEZ CASTILLO,8564e13c-b25b-40e1-ae60-6c2a99a64528
GOCS580720F24,CLE810525EA1,,673,2026-07-30,2026-07-30 15:23:16,"$11,000.00","$1,760.00","$12,760.00",COMPROBANTE VALIDO,,,1369,,SERGIO GONZALEZ CASTILLO,be8a9c40-51f6-43fe-b1ef-b6ffba7642e6
GOCS580720F24,CLE810525EA1,,674,2026-07-30,2026-07-30 15:24:39,"$11,000.00","$1,760.00","$12,760.00",COMPROBANTE VALIDO,,,1267,,SERGIO GONZALEZ CASTILLO,d9b65c02-2cc6-4763-9d90-781b0532f20d
GOCS580720F24,CLE810525EA1,,675,2026-07-30,2026-07-30 15:26:03,"$11,000.00","$1,760.00","$12,760.00",COMPROBANTE VALIDO,,,1091,,SERGIO GONZALEZ CASTILLO,9fe9ca3f-fd51-4012-ba37-ae1739007dbc
GOCS580720F24,CLE810525EA1,,676,2026-07-30,2026-07-30 15:27:15,"$11,000.00","$1,760.00","$12,760.00",COMPROBANTE VALIDO,,,1002,,SERGIO GONZALEZ CASTILLO,5bc825d9-9994-4e9a-b826-552e55a67194
GOCS580720F24,CLE810525EA1,,677,2026-07-30,2026-07-30 15:28:28,"$11,000.00","$1,760.00","$12,760.00",COMPROBANTE VALIDO,,,1280,,SERGIO GONZALEZ CASTILLO,5a346143-530d-48c7-b1d8-662434fae69d
GOCS580720F24,CLE810525EA1,,678,2026-07-30,2026-07-30 15:29:54,"$11,000.00","$1,760.00","$12,760.00",COMPROBANTE VALIDO,,,1274,,SERGIO GONZALEZ CASTILLO,2b87ec6d-9152-409a-9fb8-e81ebf802833
GOCS580720F24,CLE810525EA1,,679,2026-07-30,2026-07-30 15:32:06,"$11,000.00","$1,760.00","$12,760.00",COMPROBANTE VALIDO,,,1224,,SERGIO GONZALEZ CASTILLO,f9de00ae-8527-40a0-bf09-5cb2d67a1246
GOCS580720F24,CLE810525EA1,,680,2026-07-30,2026-07-30 15:33:18,"$11,000.00","$1,760.00","$12,760.00",COMPROBANTE VALIDO,,,1214,,SERGIO GONZALEZ CASTILLO,a9fa128f-283d-4a7d-bc08-53049df3490a
GOCS580720F24,CLE810525EA1,,681,2026-07-30,2026-07-30 15:34:45,"$11,000.00","$1,760.00","$12,760.00",COMPROBANTE VALIDO,,,1211,,SERGIO GONZALEZ CASTILLO,f876d52c-7dff-454e-beb7-2532ddf9796a
GOCS580720F24,CLE810525EA1,,682,2026-07-30,2026-07-30 15:35:56,"$11,000.00","$1,760.00","$12,760.00",COMPROBANTE VALIDO,,,1207,,SERGIO GONZALEZ CASTILLO,51f2c36f-8f8e-4f3f-b5a8-957adbc1bbab
GOCS580720F24,CLE810525EA1,,683,2026-07-30,2026-07-30 15:37:07,"$11,000.00","$1,760.00","$12,760.00",COMPROBANTE VALIDO,,,1197,,SERGIO GONZALEZ CASTILLO,06ee6971-ee14-4a6a-8305-efb98421e1a3
GOCS580720F24,CLE810525EA1,,684,2026-07-30,2026-07-30 15:38:17,"$11,000.00","$1,760.00","$12,760.00",COMPROBANTE VALIDO,,,1194,,SERGIO GONZALEZ CASTILLO,6fa45309-fd9b-4831-a753-246fdb82bad7
GOCS580720F24,CLE810525EA1,,685,2026-07-30,2026-07-30 15:39:42,"$11,000.00","$1,760.00","$12,760.00",COMPROBANTE VALIDO,,,1188,,SERGIO GONZALEZ CASTILLO,d895ae10-045b-4d68-891c-d8742634df8e
GOCS580720F24,CLE810525EA1,,686,2026-07-30,2026-07-30 15:40:48,"$11,000.00","$1,760.00","$12,760.00",COMPROBANTE VALIDO,,,1161,,SERGIO GONZALEZ CASTILLO,a731d41a-cb91-4c9e-b513-fdc3f653f540
GOCS580720F24,CLE810525EA1,,687,2026-07-30,2026-07-30 15:42:27,"$11,000.00","$1,760.00","$12,760.00",COMPROBANTE VALIDO,,,1344,,SERGIO GONZALEZ CASTILLO,c733d265-1364-40f0-9c3b-bc84399b6932
GOCS580720F24,CLE810525EA1,,688,2026-07-30,2026-07-30 15:43:38,"$11,000.00","$1,760.00","$12,760.00",COMPROBANTE VALIDO,,,1341,,SERGIO GONZALEZ CASTILLO,599dd4a2-e4ea-4252-a64f-2ecd96cd7f99
GOCS580720F24,CLE810525EA1,,689,2026-07-30,2026-07-30 15:44:59,"$11,000.00","$1,760.00","$12,760.00",COMPROBANTE VALIDO,,,1338,,SERGIO GONZALEZ CASTILLO,aeaaebdd-d5de-4943-8cd2-65578c82a66b
GOCS580720F24,CLE810525EA1,,690,2026-07-30,2026-07-30 15:46:18,"$11,000.00","$1,760.00","$12,760.00",COMPROBANTE VALIDO,,,1335,,SERGIO GONZALEZ CASTILLO,8f51b602-6978-423f-a974-0f4dcc3940d3
GOCS580720F24,CLE810525EA1,,691,2026-07-30,2026-07-30 15:47:38,"$11,000.00","$1,760.00","$12,760.00",COMPROBANTE VALIDO,,,1333,,SERGIO GONZALEZ CASTILLO,f4f3cd4d-d534-4e1c-ae27-b26697303f80
GOCS580720F24,CLE810525EA1,,692,2026-07-30,2026-07-30 15:49:11,"$11,000.00","$1,760.00","$12,760.00",COMPROBANTE VALIDO,,,1332,,SERGIO GONZALEZ CASTILLO,7898f7e7-12ea-4ea0-9caa-2fdb9ee9878b
GOCS580720F24,CLE810525EA1,,693,2026-07-30,2026-07-30 15:50:11,"$11,000.00","$1,760.00","$12,760.00",COMPROBANTE VALIDO,,,1331,,SERGIO GONZALEZ CASTILLO,c91a6735-9bc0-4124-835c-f67dab35169b
GOCS580720F24,CLE810525EA1,,694,2026-07-30,2026-07-30 15:51:28,"$11,000.00","$1,760.00","$12,760.00",COMPROBANTE VALIDO,,,1330,,SERGIO GONZALEZ CASTILLO,17bc084a-16db-4ced-84a0-6b73cb922917
GOCS580720F24,CLE810525EA1,,695,2026-07-30,2026-07-30 15:52:34,"$11,000.00","$1,760.00","$12,760.00",COMPROBANTE VALIDO,,,1329,,SERGIO GONZALEZ CASTILLO,cc6d8de7-42b3-40ea-ae21-6af2f6cb74db
GOCS580720F24,CLE810525EA1,,696,2026-07-30,2026-07-30 15:53:44,"$11,000.00","$1,760.00","$12,760.00",COMPROBANTE VALIDO,,,1325,,SERGIO GONZALEZ CASTILLO,14ea32fa-bccf-4344-bf79-ef21b23b110b
GOCS580720F24,CLE810525EA1,,697,2026-07-30,2026-07-30 15:54:51,"$11,000.00","$1,760.00","$12,760.00",COMPROBANTE VALIDO,,,1320,,SERGIO GONZALEZ CASTILLO,17463fc2-5f17-4cda-bdd3-467d352a5703
GOCS580720F24,CLE810525EA1,,698,2026-07-30,2026-07-30 15:55:56,"$11,000.00","$1,760.00","$12,760.00",COMPROBANTE VALIDO,,,1308,,SERGIO GONZALEZ CASTILLO,d9b4e73a-975c-4975-b459-c55edf2b7ab0
GOCS580720F24,CLE810525EA1,,699,2026-07-30,2026-07-30 15:57:01,"$11,000.00","$1,760.00","$12,760.00",COMPROBANTE VALIDO,,,1300,,SERGIO GONZALEZ CASTILLO,0abad3dc-0803-4b4c-997e-7e11dd11c594
GOCS580720F24,CLE810525EA1,,701,2026-07-31,2026-07-31 11:20:51,"$40,497.60","$6,479.62","$46,977.22",COMPROBANTE VALIDO,,,1003,,SERGIO GONZALEZ CASTILLO,e0fcaf97-b49e-46c4-86c4-fa15a0cecc5a