Referencia de pago,Documento pago,Fecha pago,Forma pago,Fecha cobro,Moneda,Tipo de cambio,Importe,# Operacion,Emisor,Cuenta banco,Receptor,Proveedor,Cuenta receptora,UUID de pago,Fecha de carga,Doctos relacionados,COBRADO
R100120262056618297,2056618297,11/03/2026,02,13/03/2026,MXN,0.00000,"$62,756.00",0000002954276,CLE810525EA1,,GGA230218GL3,0003067702,,,1/1/1900 12:00:00 AM,,COBRADO
R100120262056659075,2056659075,08/01/2026,02,15/01/2026,MXN,0.00000,"$37,860.15",0000002932207,CLE810525EA1,,GGA230218GL3,0003067702,,,1/1/1900 12:00:00 AM,,COBRADO
R100120262056680725,2056680725,15/07/2026,02,16/07/2026,MXN,0.00000,"$114,726.87",0000002978244,CLE810525EA1,,GGA230218GL3,0003067702,,,1/1/1900 12:00:00 AM,,COBRADO
R100120262056707529,2056707529,16/01/2026,02,19/01/2026,MXN,0.00000,"$34,086.54",0000002937578,CLE810525EA1,,GGA230218GL3,0003067702,,,1/1/1900 12:00:00 AM,,COBRADO
R100120262060543990,2060543990,07/08/2026,02,10/08/2026,MXN,0.00000,"$141,453.27",0000002982423,CLE810525EA1,,GGA230218GL3,0003067702,,,1/1/1900 12:00:00 AM,,COBRADO
R100120262070586621,2070586621,23/03/2026,02,24/03/2026,MXN,0.00000,"$114,726.87",0000002955600,CLE810525EA1,,GGA230218GL3,0003067702,,,1/1/1900 12:00:00 AM,,COBRADO
R100120262070597875,2070597875,17/03/2026,02,18/03/2026,MXN,0.00000,"$66,903.00",0000002954673,CLE810525EA1,,GGA230218GL3,0003067702,,,1/1/1900 12:00:00 AM,,COBRADO
R100120262070599281,2070599281,17/06/2026,02,17/06/2026,MXN,0.00000,"$76,484.58",0000002972987,CLE810525EA1,,GGA230218GL3,0003067702,,,1/1/1900 12:00:00 AM,,COBRADO
R100120262070607639,2070607639,05/08/2026,02,05/08/2026,MXN,0.00000,"$38,242.29",0000002982117,CLE810525EA1,,GGA230218GL3,0003067702,,,1/1/1900 12:00:00 AM,,COBRADO
R100120262070618284,2070618284,15/04/2026,02,16/04/2026,MXN,0.00000,"$89,865.18",0000002960046,CLE810525EA1,,GGA230218GL3,0003067702,,,1/1/1900 12:00:00 AM,,COBRADO
R100120262070689258,2070689258,06/08/2026,02,06/08/2026,MXN,0.00000,"$109,504.00",0000002982206,CLE810525EA1,,GGA230218GL3,0003067702,,,1/1/1900 12:00:00 AM,,COBRADO
R100120262070717536,2070717536,11/05/2026,02,13/05/2026,MXN,0.00000,"$114,726.87",0000002964446,CLE810525EA1,,GGA230218GL3,0003067702,,,1/1/1900 12:00:00 AM,,COBRADO
R100120262070757912,2070757912,20/02/2026,02,23/02/2026,MXN,0.00000,"$76,484.58",0000002950287,CLE810525EA1,,GGA230218GL3,0003067702,,,1/1/1900 12:00:00 AM,,COBRADO
R100120262070757961,2070757961,27/02/2026,02,02/03/2026,MXN,0.00000,"$152,969.16",0000002951178,CLE810525EA1,,GGA230218GL3,0003067702,,,1/1/1900 12:00:00 AM,,COBRADO
R100120262070806025,2070806025,04/03/2026,02,06/03/2026,MXN,0.00000,"$94,134.00",0000002951598,CLE810525EA1,,GGA230218GL3,0003067702,,,1/1/1900 12:00:00 AM,,COBRADO
R100120262072784349,2072784349,06/04/2026,02,07/04/2026,MXN,0.00000,"$38,242.29",0000002956408,CLE810525EA1,,GGA230218GL3,0003067702,,,1/1/1900 12:00:00 AM,,COBRADO
R100120262073144122,2073144122,08/06/2026,02,09/06/2026,MXN,0.00000,"$23,223.20",0000002971114,CLE810525EA1,,GGA230218GL3,0003067702,,,1/1/1900 12:00:00 AM,,COBRADO
R100120262073194265,2073194265,25/06/2026,02,26/06/2026,MXN,0.00000,"$611,876.64",0000002974060,CLE810525EA1,,GGA230218GL3,0003067702,,,1/1/1900 12:00:00 AM,,COBRADO
R100120262070665956,,12/08/2026,,,MXN,0.00000,"$158,766.29",0000002982877,CLE810525EA1,,GGA230218GL3,0003067702,,,,,NO COBRADO