referencia_pago,Referencia,ClaseDocto,Uuid,ImpPagado,Tipodocto,Factura,Asignacion,Tienda
R100120262056618297,R100120265105050954,RE,ba5622c0-4817-4b71-baa7-3ae89689dc91,15689.00,I,000000000447,5017079176,
R100120262056618297,R100120265105050955,RE,622dbf58-58a6-4576-85dd-a93b0ee9240c,15689.00,I,000000000448,5017079177,
R100120262056618297,R100120265114109543,RE,248da135-9ba3-4030-ab76-636ac652115f,15689.00,I,000000000445,5017079153,
R100120262056618297,R100120265114109544,RE,c3f803a8-412e-4952-aaaa-00fe717d32e0,15689.00,I,000000000446,5017079156,
R100120262056659075,R100120255105098344,RE,5fd7fa75-3a84-4aad-b771-d4f3bab5e8d9,37860.15,I,000000000412,5016546606,
R100120262056707529,R100120265105058415,RE,19b49ba0-bb01-45d2-8e4d-1f70f71ce1a5,11362.18,I,000000000414,5016567827,
R100120262056707529,R100120265114261614,RE,148caf12-4f26-48bc-9049-f8bb5575a1a0,11362.18,I,000000000416,5016567881,
R100120262056707529,R100120265114261615,RE,41a89179-b773-49e2-9f84-1a198063101a,11362.18,I,000000000417,5016567709,
R100120262070586621,R100120265105090345,RE,c73e06dd-abfa-4ad9-9ede-644a0be29b81,38242.29,I,000000000455,5017068144,
R100120262070586621,R100120265105090346,RE,92d07761-7ed4-4562-9734-b0d09e60b5ac,38242.29,I,000000000456,5017068145,
R100120262070586621,R100120265111180181,RE,c10b3306-6f6f-4be0-b75f-309eb214e3bc,38242.29,I,000000000454,5017183263,
R100120262070597875,R100120265114619793,RE,0df82481-d692-4ffa-b8a7-215f7d0f2e6d,13380.60,I,000000000449,5017144283,
R100120262070597875,R100120265114619794,RE,fe4394a0-102c-4d9e-abc4-fef850305fdc,13380.60,I,000000000450,5017144281,
R100120262070597875,R100120265114619795,RE,44460e1c-b471-40b1-be41-0731d495a4c3,13380.60,I,000000000451,5017144280,
R100120262070597875,R100120265114619796,RE,b35e9336-bf7d-4e67-9afe-ba8c9222ed66,13380.60,I,000000000452,5017144239,
R100120262070597875,R100120265114619797,RE,47c52aa7-d2ab-4c84-81f5-73a569083314,13380.60,I,000000000453,5017144238,
R100120262070757912,R100120265114617295,RE,108441ce-4939-4206-a846-d11a55aea70e,38242.29,I,000000000430,5016954860,
R100120262070757912,R100120265114617296,RE,cedc2873-a690-4da2-ada2-d57527802184,38242.29,I,000000000431,5016954826,
R100120262070757961,R100120265114200787,RE,de7d2a5c-2cdd-4e16-9f32-1e5dd4a2a453,38242.29,I,000000000433,5016984558,
R100120262070757961,R100120265114646951,RE,8d3fc108-8f88-4bd3-8d35-fbaf73b8d1f6,38242.29,I,000000000434,5017025932,
R100120262070757961,R100120265114646952,RE,9fe895db-fb4e-47c4-854b-1796d26c43a2,38242.29,I,000000000435,5017025965,
R100120262070757961,R100120265114864429,RE,5683d693-f5c7-47b1-8e50-6d97307c0406,38242.29,I,000000000436,5017025967,
R100120262070806025,R100120265114646859,RE,d80ece55-cd23-46bb-a1bb-98ce1fe7b8f4,15689.00,I,000000000437,5017055979,
R100120262070806025,R100120265114646860,RE,5d4e9843-3ead-48ea-967a-3fe7cc9006d0,15689.00,I,000000000438,5017055976,
R100120262070806025,R100120265114646861,RE,01bd3f48-3cd9-4c84-a0fb-f332a29f9aaf,15689.00,I,000000000439,5017055971,
R100120262070806025,R100120265114646862,RE,3407a64b-0205-41c0-9951-501dc2a1ddbb,15689.00,I,000000000440,5017055939,
R100120262070806025,R100120265114646863,RE,36bd9bdb-6eb7-47c1-92b5-553ae19d2f6f,15689.00,I,000000000441,5017055936,
R100120262070806025,R100120265114646864,RE,05644978-a5bf-4940-a06d-56b0fd73824b,15689.00,I,000000000442,5017055930,
R100120262056598952,R100120265105090348,RE,ad30aea6-08f8-47dc-8f55-66442a9add8c,33060.00,I,000000000521,5017079171,
R100120262056598952,R100120265105090349,RE,35b90af0-9041-4215-b1a6-5aa9b856db10,23200.00,I,000000000522,5017079172,
R100120262056598952,R100120265105090350,RE,cfa1d794-e4fe-474b-8caa-4b75179b9e1d,33060.00,I,000000000523,5017079174,
R100120262056598952,R100120265105090351,RE,dd600f4e-c1bd-4724-9998-e823839f1353,33060.00,I,000000000524,5017079175,
R100120262070646843,R100120265114527004,RE,4a87f9db-785a-4263-968c-22bd95689dae,23200.00,I,000000000513,5016410049,
R100120262070646843,R100120265114527005,RE,fdce546b-30a9-4b48-8510-9bab853db53a,23200.00,I,000000000514,5016410075,
R100120262070646843,R100120265114617297,RE,db78bddb-6744-4037-91ea-4d875d652590,13920.00,I,000000000515,5016964274,
R100120262070646843,R100120265114617298,RE,cd3f708a-3f25-4edb-a20e-b3a36c7791b7,13920.00,I,000000000516,5016964310,
R100120262070646843,R100120265114617299,RE,18d397ff-f8cb-4d05-b593-2589a9b86ab9,13920.00,I,000000000517,5016964278,
R100120262070646843,R100120265114617300,RE,528d2f93-9b55-45a2-aab4-84667fe8a66e,13920.00,I,000000000518,5016964316,
R100120262070646843,R100120265114645490,RE,6d641fa9-b2ba-435c-89e0-f9077371ff69,44080.00,I,000000000511,5015552494,
R100120262070665314,R100120265114619081,RE,1e2c26af-2ea8-49c7-9085-a846eda28082,15080.00,I,000000000520,5017068148,
R100120262073004323,R100120265114645491,RE,075a9c8b-56ef-4263-9cd4-78b03ec5dbc7,55680.00,I,000000000512,5015552493,