id,label,empresa_id,empresa_nombre,municipio_id,municipio_nombre,estado_id,estado_nombre,lat,lng,address,updated_at
33,1176 LA CANTERA SUPER LEY,1,CASA LEY S.A.P.I. DE C.V.,952,Tepic,18,Nayarit,21.5119156,-104.8915889,"1176 LA CANTERA SUPER LEY, Tepic, Nayarit, Mexico",2026-02-19T18:28:10.419Z
34,1177 VILLA FLORIDA LEY EXPRESS,1,CASA LEY S.A.P.I. DE C.V.,1884,Mazatlán,25,Sinaloa,23.2035785,-106.4208391,"1177 VILLA FLORIDA LEY EXPRESS, Mazatlán, Sinaloa, Mexico",2026-02-19T18:28:10.419Z
35,1188 LOS MEZCALES LEY EXPRESS,1,CASA LEY S.A.P.I. DE C.V.,1878,Culiacán,25,Sinaloa,24.7978965,-107.3933950,"1188 LOS MEZCALES LEY EXPRESS, Culiacán, Sinaloa, Mexico",2026-02-19T18:28:10.419Z
36,1191 SAN JOSE LEY EXPRESS,1,CASA LEY S.A.P.I. DE C.V.,955,Bahía de Banderas,18,Nayarit,20.8279022,-105.3180766,"1191 SAN JOSE LEY EXPRESS, Bahía de Banderas, Nayarit, Mexico",2026-02-19T18:28:10.419Z
37,1194 COSTA RICA SUPER LEY,1,CASA LEY S.A.P.I. DE C.V.,1878,Culiacán,25,Sinaloa,24.7978965,-107.3933950,"1194 COSTA RICA SUPER LEY, Culiacán, Sinaloa, Mexico",2026-02-19T18:28:10.419Z
38,1197 LAS TORRES LEY EXPRESS,1,CASA LEY S.A.P.I. DE C.V.,1878,Culiacán,25,Sinaloa,24.7978965,-107.3933950,"1197 LAS TORRES LEY EXPRESS, Culiacán, Sinaloa, Mexico",2026-02-19T18:28:10.419Z
39,1200 LA REFORMA LEY EXPRESS,1,CASA LEY S.A.P.I. DE C.V.,1874,Angostura,25,Sinaloa,25.1136711,-108.1392536,"1200 LA REFORMA LEY EXPRESS, Angostura, Sinaloa, Mexico",2026-02-19T18:28:10.419Z
40,1207 LA VIA LEY EXPRESS,1,CASA LEY S.A.P.I. DE C.V.,1878,Culiacán,25,Sinaloa,24.7978965,-107.3933950,"1207 LA VIA LEY EXPRESS, Culiacán, Sinaloa, Mexico",2026-02-19T18:28:10.419Z
41,1209 AHOME LEY EXPRESS,1,CASA LEY S.A.P.I. DE C.V.,1873,Ahome,25,Sinaloa,25.9240491,-109.2058344,"1209 AHOME LEY EXPRESS, Ahome, Sinaloa, Mexico",2026-02-19T18:28:10.419Z
42,1211 AGUARUTO LEY EXPRESS,1,CASA LEY S.A.P.I. DE C.V.,1878,Culiacán,25,Sinaloa,24.7978965,-107.3933950,"1211 AGUARUTO LEY EXPRESS, Culiacán, Sinaloa, Mexico",2026-02-19T18:28:10.419Z
43,1214 VILLAS DEL RIO LEY EXPRESS,1,CASA LEY S.A.P.I. DE C.V.,1878,Culiacán,25,Sinaloa,24.7978965,-107.3933950,"1214 VILLAS DEL RIO LEY EXPRESS, Culiacán, Sinaloa, Mexico",2026-02-19T18:28:10.419Z
44,1217 EL ROSARIO LEY EXPRESS,1,CASA LEY S.A.P.I. DE C.V.,1886,El Rosario,25,Sinaloa,22.9920525,-105.8572752,"1217 EL ROSARIO LEY EXPRESS, El Rosario, Sinaloa, Mexico",2026-02-19T18:28:10.419Z
32,1174 ZACATECAS LEY EXPRESS,1,CASA LEY S.A.P.I. DE C.V.,1873,Ahome,25,Sinaloa,25.9240491,-109.2058344,"1174 ZACATECAS LEY EXPRESS, Ahome, Sinaloa, Mexico",2026-02-19T18:28:10.419Z
45,1223 VILLA JUAREZ LEY EXPRESS,1,CASA LEY S.A.P.I. DE C.V.,1890,Navolato,25,Sinaloa,24.7633000,-107.6979734,"1223 VILLA JUAREZ LEY EXPRESS, Navolato, Sinaloa, Mexico",2026-02-19T18:28:10.419Z
47,1225 INGENIO ELDORADO SUPER LEY,1,CASA LEY S.A.P.I. DE C.V.,1891,Eldorado,25,Sinaloa,24.3229416,-107.3634312,"1225 INGENIO ELDORADO SUPER LEY, Eldorado, Sinaloa, Mexico",2026-02-19T18:28:10.419Z
48,1227 LA ESPERANZA LEY EXPRESS,1,CASA LEY S.A.P.I. DE C.V.,1878,Culiacán,25,Sinaloa,24.7978965,-107.3933950,"1227 LA ESPERANZA LEY EXPRESS, Culiacán, Sinaloa, Mexico",2026-02-19T18:28:10.419Z
49,1230 BADIRAGUATO LEY EXPRESS,1,CASA LEY S.A.P.I. DE C.V.,1875,Badiraguato,25,Sinaloa,25.3624588,-107.5499808,"1230 BADIRAGUATO LEY EXPRESS, Badiraguato, Sinaloa, Mexico",2026-02-19T18:28:10.419Z
50,1233 SAN IGNACIO LEY EXPRESS,1,CASA LEY S.A.P.I. DE C.V.,1888,San Ignacio,25,Sinaloa,23.9249351,-106.2753073,"1233 SAN IGNACIO LEY EXPRESS, San Ignacio, Sinaloa, Mexico",2026-02-19T18:28:10.419Z
51,1235 CHOIX LEY EXPRESS,1,CASA LEY S.A.P.I. DE C.V.,1879,Choix,25,Sinaloa,26.7089186,-108.3252820,"1235 CHOIX LEY EXPRESS, Choix, Sinaloa, Mexico",2026-02-19T18:28:10.419Z
52,1236 CBTIS LEY EXPRESS,1,CASA LEY S.A.P.I. DE C.V.,1887,Salvador Alvarado,25,Sinaloa,25.3806885,-107.9917542,"1236 CBTIS LEY EXPRESS, Salvador Alvarado, Sinaloa, Mexico",2026-02-19T18:28:10.419Z
53,1237 LAS VIAS LEY EXPRESS,1,CASA LEY S.A.P.I. DE C.V.,1880,Elota,25,Sinaloa,,,"1237 LAS VIAS LEY EXPRESS, Elota, Sinaloa, Mexico",2026-02-19T18:28:10.419Z
54,1240 PERICOS LEY EXPRESS,1,CASA LEY S.A.P.I. DE C.V.,1885,Mocorito,25,Sinaloa,,,"1240 PERICOS LEY EXPRESS, Mocorito, Sinaloa, Mexico",2026-02-19T18:28:10.419Z
55,1252 MORELOS SUPER LEY EXPRESS,1,CASA LEY S.A.P.I. DE C.V.,1873,Ahome,25,Sinaloa,,,"1252 MORELOS SUPER LEY EXPRESS, Ahome, Sinaloa, Mexico",2026-02-19T18:28:10.419Z
56,1253 CENTENARIO SUPER LEY EXPRESS,1,CASA LEY S.A.P.I. DE C.V.,1873,Ahome,25,Sinaloa,,,"1253 CENTENARIO SUPER LEY EXPRESS, Ahome, Sinaloa, Mexico",2026-02-19T18:28:10.419Z
57,1264 LAS FLORES SUPER LEY EXPRESS,1,CASA LEY S.A.P.I. DE C.V.,952,Tepic,18,Nayarit,,,"1264 LAS FLORES SUPER LEY EXPRESS, Tepic, Nayarit, Mexico",2026-02-19T18:28:10.419Z
58,1267 UNIVERSITARIOS SUPER LEY EXPRESS,1,CASA LEY S.A.P.I. DE C.V.,1878,Culiacán,25,Sinaloa,,,"1267 UNIVERSITARIOS SUPER LEY EXPRESS, Culiacán, Sinaloa, Mexico",2026-02-19T18:28:10.419Z
46,1224 QUILA LEY EXPRESS,1,CASA LEY S.A.P.I. DE C.V.,1878,Culiacán,25,Sinaloa,,,"1224 QUILA LEY EXPRESS, Culiacán, Sinaloa, Mexico",2026-02-19T18:28:10.419Z
31,1171 LA PRIMAVERA SUPER LEY,1,CASA LEY S.A.P.I. DE C.V.,1890,Navolato,25,Sinaloa,,,"1171 LA PRIMAVERA SUPER LEY, Navolato, Sinaloa, Mexico",2026-02-19T18:28:10.419Z
29,1163 EL FUERTE LEY EXPRESS,1,CASA LEY S.A.P.I. DE C.V.,1882,El Fuerte,25,Sinaloa,,,"1163 EL FUERTE LEY EXPRESS, El Fuerte, Sinaloa, Mexico",2026-02-19T18:28:10.419Z
2,1003 PLAZA LEY LEY,1,CASA LEY S.A.P.I. DE C.V.,1878,Culiacán,25,Sinaloa,,,"1003 PLAZA LEY LEY, Culiacán, Sinaloa, Mexico",2026-02-19T18:28:10.419Z
3,1004 PLAZA DEL RIO LEY,1,CASA LEY S.A.P.I. DE C.V.,1878,Culiacán,25,Sinaloa,,,"1004 PLAZA DEL RIO LEY, Culiacán, Sinaloa, Mexico",2026-02-19T18:28:10.419Z
4,1005 GUAMUCHIL LEY,1,CASA LEY S.A.P.I. DE C.V.,1887,Salvador Alvarado,25,Sinaloa,,,"1005 GUAMUCHIL LEY, Salvador Alvarado, Sinaloa, Mexico",2026-02-19T18:28:10.419Z
5,1016 PLAZA FIESTA LEY,1,CASA LEY S.A.P.I. DE C.V.,1878,Culiacán,25,Sinaloa,,,"1016 PLAZA FIESTA LEY, Culiacán, Sinaloa, Mexico",2026-02-19T18:28:10.419Z
6,1017 LAS PALMAS LEY,1,CASA LEY S.A.P.I. DE C.V.,1873,Ahome,25,Sinaloa,,,"1017 LAS PALMAS LEY, Ahome, Sinaloa, Mexico",2026-02-19T18:28:10.419Z
7,1029 JUAN JOSE RIOS LEY,1,CASA LEY S.A.P.I. DE C.V.,1892,Juan José Ríos,25,Sinaloa,,,"1029 JUAN JOSE RIOS LEY, Juan José Ríos, Sinaloa, Mexico",2026-02-19T18:28:10.419Z
8,1040 DE ALICA PLAZA LEY,1,CASA LEY S.A.P.I. DE C.V.,952,Tepic,18,Nayarit,,,"1040 DE ALICA PLAZA LEY, Tepic, Nayarit, Mexico",2026-02-19T18:28:10.419Z
9,1047 PLAZA EL MAR LEY,1,CASA LEY S.A.P.I. DE C.V.,1884,Mazatlán,25,Sinaloa,,,"1047 PLAZA EL MAR LEY, Mazatlán, Sinaloa, Mexico",2026-02-19T18:28:10.419Z
10,1048 PLAZA DEL VALLE LEY,1,CASA LEY S.A.P.I. DE C.V.,1878,Culiacán,25,Sinaloa,,,"1048 PLAZA DEL VALLE LEY, Culiacán, Sinaloa, Mexico",2026-02-19T18:28:10.419Z
12,1056 HUMAYA LEY,1,CASA LEY S.A.P.I. DE C.V.,1878,Culiacán,25,Sinaloa,,,"1056 HUMAYA LEY, Culiacán, Sinaloa, Mexico",2026-02-19T18:28:10.419Z
13,1068 ESCUINAPA LEY,1,CASA LEY S.A.P.I. DE C.V.,1881,Escuinapa,25,Sinaloa,,,"1068 ESCUINAPA LEY, Escuinapa, Sinaloa, Mexico",2026-02-19T18:28:10.419Z
14,1070 PLAZA GUASAVE LEY,1,CASA LEY S.A.P.I. DE C.V.,1883,Guasave,25,Sinaloa,,,"1070 PLAZA GUASAVE LEY, Guasave, Sinaloa, Mexico",2026-02-19T18:28:10.419Z
15,1073 EL RODEO PLAZA LEY,1,CASA LEY S.A.P.I. DE C.V.,952,Tepic,18,Nayarit,,,"1073 EL RODEO PLAZA LEY, Tepic, Nayarit, Mexico",2026-02-19T18:28:10.419Z
16,1074 MADERO LEY EXPRESS,1,CASA LEY S.A.P.I. DE C.V.,1883,Guasave,25,Sinaloa,,,"1074 MADERO LEY EXPRESS, Guasave, Sinaloa, Mexico",2026-02-19T18:28:10.419Z
17,1083 TABACHINES LEY,1,CASA LEY S.A.P.I. DE C.V.,1873,Ahome,25,Sinaloa,,,"1083 TABACHINES LEY, Ahome, Sinaloa, Mexico",2026-02-19T18:28:10.419Z
18,1086 TRES RIOS LEY,1,CASA LEY S.A.P.I. DE C.V.,1878,Culiacán,25,Sinaloa,,,"1086 TRES RIOS LEY, Culiacán, Sinaloa, Mexico",2026-02-19T18:28:10.419Z
19,1091 ABASTOS LEY,1,CASA LEY S.A.P.I. DE C.V.,1878,Culiacán,25,Sinaloa,,,"1091 ABASTOS LEY, Culiacán, Sinaloa, Mexico",2026-02-19T18:28:10.419Z
20,1092 PALMITO LEY,1,CASA LEY S.A.P.I. DE C.V.,1878,Culiacán,25,Sinaloa,,,"1092 PALMITO LEY, Culiacán, Sinaloa, Mexico",2026-02-19T18:28:10.419Z
21,1094 JIQUILPAN LEY,1,CASA LEY S.A.P.I. DE C.V.,1873,Ahome,25,Sinaloa,,,"1094 JIQUILPAN LEY, Ahome, Sinaloa, Mexico",2026-02-19T18:28:10.419Z
22,1095 NAVOLATO LEY,1,CASA LEY S.A.P.I. DE C.V.,1890,Navolato,25,Sinaloa,,,"1095 NAVOLATO LEY, Navolato, Sinaloa, Mexico",2026-02-19T18:28:10.419Z
23,1115 MOLOLOA SUPER LEY,1,CASA LEY S.A.P.I. DE C.V.,952,Tepic,18,Nayarit,,,"1115 MOLOLOA SUPER LEY, Tepic, Nayarit, Mexico",2026-02-19T18:28:10.419Z
24,1123 LAS FUENTES LEY,1,CASA LEY S.A.P.I. DE C.V.,1883,Guasave,25,Sinaloa,,,"1123 LAS FUENTES LEY, Guasave, Sinaloa, Mexico",2026-02-19T18:28:10.419Z
25,1132 VILLA BONITA LEY EXPRESS,1,CASA LEY S.A.P.I. DE C.V.,1878,Culiacán,25,Sinaloa,,,"1132 VILLA BONITA LEY EXPRESS, Culiacán, Sinaloa, Mexico",2026-02-19T18:28:10.419Z
26,1133 MILENIUM LEY,1,CASA LEY S.A.P.I. DE C.V.,1878,Culiacán,25,Sinaloa,,,"1133 MILENIUM LEY, Culiacán, Sinaloa, Mexico",2026-02-19T18:28:10.419Z
28,1161 CHULAVISTA LEY EXPRESS,1,CASA LEY S.A.P.I. DE C.V.,1878,Culiacán,25,Sinaloa,,,"1161 CHULAVISTA LEY EXPRESS, Culiacán, Sinaloa, Mexico",2026-02-19T18:28:10.419Z
59,1273 ORQUIDEAS SUPER LEY EXPRESS,1,CASA LEY S.A.P.I. DE C.V.,1878,Culiacán,25,Sinaloa,,,"1273 ORQUIDEAS SUPER LEY EXPRESS, Culiacán, Sinaloa, Mexico",2026-02-19T18:28:10.419Z
60,1274 CEDROS SUPER LEY EXPRESS,1,CASA LEY S.A.P.I. DE C.V.,1878,Culiacán,25,Sinaloa,,,"1274 CEDROS SUPER LEY EXPRESS, Culiacán, Sinaloa, Mexico",2026-02-19T18:28:10.419Z
61,1275 FRANCISCO VILLA SUPER LEY EXPRESS,1,CASA LEY S.A.P.I. DE C.V.,1884,Mazatlán,25,Sinaloa,,,"1275 FRANCISCO VILLA SUPER LEY EXPRESS, Mazatlán, Sinaloa, Mexico",2026-02-19T18:28:10.419Z
62,1277 UNIVERSIDAD SUPER LEY EXPRESS,1,CASA LEY S.A.P.I. DE C.V.,1883,Guasave,25,Sinaloa,,,"1277 UNIVERSIDAD SUPER LEY EXPRESS, Guasave, Sinaloa, Mexico",2026-02-19T18:28:10.419Z
63,1280 CALZADA LEY,1,CASA LEY S.A.P.I. DE C.V.,1878,Culiacán,25,Sinaloa,,,"1280 CALZADA LEY, Culiacán, Sinaloa, Mexico",2026-02-19T18:28:10.419Z
64,1281 PASEO SAN ISIDRO LEY,1,CASA LEY S.A.P.I. DE C.V.,1878,Culiacán,25,Sinaloa,,,"1281 PASEO SAN ISIDRO LEY, Culiacán, Sinaloa, Mexico",2026-02-19T18:28:10.419Z
65,1282 LA PALMA SUPER LEY,1,CASA LEY S.A.P.I. DE C.V.,1890,Navolato,25,Sinaloa,,,"1282 LA PALMA SUPER LEY, Navolato, Sinaloa, Mexico",2026-02-19T18:28:10.419Z
66,1290 EL CARRIZO SUPER LEY EXPRESS,1,CASA LEY S.A.P.I. DE C.V.,1873,Ahome,25,Sinaloa,,,"1290 EL CARRIZO SUPER LEY EXPRESS, Ahome, Sinaloa, Mexico",2026-02-19T18:28:10.419Z
67,1293 PINO SUAREZ SUPER LEY EXPRESS,1,CASA LEY S.A.P.I. DE C.V.,1884,Mazatlán,25,Sinaloa,,,"1293 PINO SUAREZ SUPER LEY EXPRESS, Mazatlán, Sinaloa, Mexico",2026-02-19T18:28:10.419Z
68,1295 CERRO COLORADO LEY,1,CASA LEY S.A.P.I. DE C.V.,1884,Mazatlán,25,Sinaloa,,,"1295 CERRO COLORADO LEY, Mazatlán, Sinaloa, Mexico",2026-02-19T18:28:10.419Z
69,1299 MOCORITO SUPER LEY EXPRESS,1,CASA LEY S.A.P.I. DE C.V.,1885,Mocorito,25,Sinaloa,,,"1299 MOCORITO SUPER LEY EXPRESS, Mocorito, Sinaloa, Mexico",2026-02-19T18:28:10.419Z
70,1300 SENDERO CULIACAN LEY,1,CASA LEY S.A.P.I. DE C.V.,1878,Culiacán,25,Sinaloa,,,"1300 SENDERO CULIACAN LEY, Culiacán, Sinaloa, Mexico",2026-02-19T18:28:10.419Z
71,1301 SENDERO MOCHIS LEY,1,CASA LEY S.A.P.I. DE C.V.,1873,Ahome,25,Sinaloa,,,"1301 SENDERO MOCHIS LEY, Ahome, Sinaloa, Mexico",2026-02-19T18:28:10.419Z
72,1306 XALISCO PLAZA LEY,1,CASA LEY S.A.P.I. DE C.V.,943,Xalisco,18,Nayarit,,,"1306 XALISCO PLAZA LEY, Xalisco, Nayarit, Mexico",2026-02-19T18:28:10.419Z
73,1308 AZAHARES SUPER LEY EXPRESS,1,CASA LEY S.A.P.I. DE C.V.,1878,Culiacán,25,Sinaloa,,,"1308 AZAHARES SUPER LEY EXPRESS, Culiacán, Sinaloa, Mexico",2026-02-19T18:28:10.419Z
74,1311 MOCHICAHUI SUPER LEY EXPRESS,1,CASA LEY S.A.P.I. DE C.V.,1882,El Fuerte,25,Sinaloa,,,"1311 MOCHICAHUI SUPER LEY EXPRESS, El Fuerte, Sinaloa, Mexico",2026-02-19T18:28:10.419Z
75,1312 ANGOSTURA SUPER LEY EXPRESS,1,CASA LEY S.A.P.I. DE C.V.,1874,Angostura,25,Sinaloa,,,"1312 ANGOSTURA SUPER LEY EXPRESS, Angostura, Sinaloa, Mexico",2026-02-19T18:28:10.419Z
76,1316 HIGUERAS DE ZARAGOZA SUPER LEY EXPRESS,1,CASA LEY S.A.P.I. DE C.V.,1873,Ahome,25,Sinaloa,,,"1316 HIGUERAS DE ZARAGOZA SUPER LEY EXPRESS, Ahome, Sinaloa, Mexico",2026-02-19T18:28:10.419Z
77,1318 BAMOA SUPER LEY EXPRESS,1,CASA LEY S.A.P.I. DE C.V.,1883,Guasave,25,Sinaloa,,,"1318 BAMOA SUPER LEY EXPRESS, Guasave, Sinaloa, Mexico",2026-02-19T18:28:10.419Z
78,1320 PLAZA PABELLON LEY,1,CASA LEY S.A.P.I. DE C.V.,1878,Culiacán,25,Sinaloa,,,"1320 PLAZA PABELLON LEY, Culiacán, Sinaloa, Mexico",2026-02-19T18:28:10.419Z
79,1324 PRADOS DEL SUR SUPER LEY EXPRESS,1,CASA LEY S.A.P.I. DE C.V.,1873,Ahome,25,Sinaloa,,,"1324 PRADOS DEL SUR SUPER LEY EXPRESS, Ahome, Sinaloa, Mexico",2026-02-19T18:28:10.419Z
80,1325 CAÑADAS SUPER LEY EXPRESS,1,CASA LEY S.A.P.I. DE C.V.,1878,Culiacán,25,Sinaloa,,,"1325 CAÑADAS SUPER LEY EXPRESS, Culiacán, Sinaloa, Mexico",2026-02-19T18:28:10.419Z
81,1329 LOLA BELTRAN SUPER LEY EXPRESS,1,CASA LEY S.A.P.I. DE C.V.,1878,Culiacán,25,Sinaloa,,,"1329 LOLA BELTRAN SUPER LEY EXPRESS, Culiacán, Sinaloa, Mexico",2026-02-19T18:28:10.419Z
82,1330 BUENOS AIRES LEY EXPRESS,1,CASA LEY S.A.P.I. DE C.V.,1878,Culiacán,25,Sinaloa,,,"1330 BUENOS AIRES LEY EXPRESS, Culiacán, Sinaloa, Mexico",2026-02-19T18:28:10.419Z
83,1331 ANAYA SUPER LEY EXPRESS,1,CASA LEY S.A.P.I. DE C.V.,1878,Culiacán,25,Sinaloa,,,"1331 ANAYA SUPER LEY EXPRESS, Culiacán, Sinaloa, Mexico",2026-02-19T18:28:10.419Z
84,1332 BARRANCOS SUPER LEY,1,CASA LEY S.A.P.I. DE C.V.,1878,Culiacán,25,Sinaloa,,,"1332 BARRANCOS SUPER LEY, Culiacán, Sinaloa, Mexico",2026-02-19T18:28:10.419Z
85,1333 LAS AMERICAS SUPER LEY,1,CASA LEY S.A.P.I. DE C.V.,1878,Culiacán,25,Sinaloa,,,"1333 LAS AMERICAS SUPER LEY, Culiacán, Sinaloa, Mexico",2026-02-19T18:28:10.419Z
86,1335 PLAZA SUR LEY,1,CASA LEY S.A.P.I. DE C.V.,1878,Culiacán,25,Sinaloa,,,"1335 PLAZA SUR LEY, Culiacán, Sinaloa, Mexico",2026-02-19T18:28:10.419Z
87,1338 VALLE ALTO SUPER LEY EXPRESS,1,CASA LEY S.A.P.I. DE C.V.,1878,Culiacán,25,Sinaloa,,,"1338 VALLE ALTO SUPER LEY EXPRESS, Culiacán, Sinaloa, Mexico",2026-02-19T18:28:10.419Z
88,1340 VILLA JUAREZ CENTRO LEY EXPRESS,1,CASA LEY S.A.P.I. DE C.V.,1890,Navolato,25,Sinaloa,,,"1340 VILLA JUAREZ CENTRO LEY EXPRESS, Navolato, Sinaloa, Mexico",2026-02-19T18:28:10.419Z
89,1341 GUADALUPE SUPER LEY EXPRESS,1,CASA LEY S.A.P.I. DE C.V.,1878,Culiacán,25,Sinaloa,,,"1341 GUADALUPE SUPER LEY EXPRESS, Culiacán, Sinaloa, Mexico",2026-02-19T18:28:10.419Z
90,1343 REAL PACIFICO SUPER LEY EXPRESS,1,CASA LEY S.A.P.I. DE C.V.,1884,Mazatlán,25,Sinaloa,,,"1343 REAL PACIFICO SUPER LEY EXPRESS, Mazatlán, Sinaloa, Mexico",2026-02-19T18:28:10.419Z
91,1344 CEIBA FRESH MARKET,1,CASA LEY S.A.P.I. DE C.V.,1878,Culiacán,25,Sinaloa,,,"1344 CEIBA FRESH MARKET, Culiacán, Sinaloa, Mexico",2026-02-19T18:28:10.419Z
92,1351 VILLA UNION SUPER LEY EXPRESS,1,CASA LEY S.A.P.I. DE C.V.,1884,Mazatlán,25,Sinaloa,,,"1351 VILLA UNION SUPER LEY EXPRESS, Mazatlán, Sinaloa, Mexico",2026-02-19T18:28:10.419Z
93,1352 GABRIEL LEYVA SUPER LEY EXPRESS,1,CASA LEY S.A.P.I. DE C.V.,1883,Guasave,25,Sinaloa,,,"1352 GABRIEL LEYVA SUPER LEY EXPRESS, Guasave, Sinaloa, Mexico",2026-02-19T18:28:10.419Z
94,1354 COUNTRY LEY,1,CASA LEY S.A.P.I. DE C.V.,1873,Ahome,25,Sinaloa,,,"1354 COUNTRY LEY, Ahome, Sinaloa, Mexico",2026-02-19T18:28:10.419Z
95,1356 PLAZA ALAMEDA SUPER LEY EXPRESS,1,CASA LEY S.A.P.I. DE C.V.,1873,Ahome,25,Sinaloa,,,"1356 PLAZA ALAMEDA SUPER LEY EXPRESS, Ahome, Sinaloa, Mexico",2026-02-19T18:28:10.419Z
96,1358 CIUDADES HERMANAS SUPER LEY EXPRESS,1,CASA LEY S.A.P.I. DE C.V.,1878,Culiacán,25,Sinaloa,,,"1358 CIUDADES HERMANAS SUPER LEY EXPRESS, Culiacán, Sinaloa, Mexico",2026-02-19T18:28:10.419Z
97,1361 LA CRUZ SUPER LEY,1,CASA LEY S.A.P.I. DE C.V.,1880,Elota,25,Sinaloa,,,"1361 LA CRUZ SUPER LEY, Elota, Sinaloa, Mexico",2026-02-19T18:28:10.419Z
98,1362 LA CONQUISTA SUPER LEY EXPRESS,1,CASA LEY S.A.P.I. DE C.V.,1878,Culiacán,25,Sinaloa,,,"1362 LA CONQUISTA SUPER LEY EXPRESS, Culiacán, Sinaloa, Mexico",2026-02-19T18:28:10.419Z
99,1363 ALMADA SUPER LEY EXPRESS,1,CASA LEY S.A.P.I. DE C.V.,1890,Navolato,25,Sinaloa,,,"1363 ALMADA SUPER LEY EXPRESS, Navolato, Sinaloa, Mexico",2026-02-19T18:28:10.419Z
100,1364 SALVADOR ALVARADO SUPER LEY EXPRESS,1,CASA LEY S.A.P.I. DE C.V.,1887,Salvador Alvarado,25,Sinaloa,,,"1364 SALVADOR ALVARADO SUPER LEY EXPRESS, Salvador Alvarado, Sinaloa, Mexico",2026-02-19T18:28:10.419Z
101,1365 INGENIO COSTA RICA SUPER LEY EXPRESS,1,CASA LEY S.A.P.I. DE C.V.,1878,Culiacán,25,Sinaloa,,,"1365 INGENIO COSTA RICA SUPER LEY EXPRESS, Culiacán, Sinaloa, Mexico",2026-02-19T18:28:10.419Z
102,1366 MENDOZA SUPER LEY EXPRESS,1,CASA LEY S.A.P.I. DE C.V.,1874,Angostura,25,Sinaloa,,,"1366 MENDOZA SUPER LEY EXPRESS, Angostura, Sinaloa, Mexico",2026-02-19T18:28:10.419Z
103,1367 TERRONES LEY EXPRESS,1,CASA LEY S.A.P.I. DE C.V.,1878,Culiacán,25,Sinaloa,,,"1367 TERRONES LEY EXPRESS, Culiacán, Sinaloa, Mexico",2026-02-19T18:28:10.419Z
104,1368 GRANITO DE ORO SUPER LEY EXPRESS,1,CASA LEY S.A.P.I. DE C.V.,1885,Mocorito,25,Sinaloa,,,"1368 GRANITO DE ORO SUPER LEY EXPRESS, Mocorito, Sinaloa, Mexico",2026-02-19T18:28:10.419Z
105,1369 RAFAEL BUELNA SUPER LEY EXPRESS,1,CASA LEY S.A.P.I. DE C.V.,1878,Culiacán,25,Sinaloa,,,"1369 RAFAEL BUELNA SUPER LEY EXPRESS, Culiacán, Sinaloa, Mexico",2026-02-19T18:28:10.419Z
106,1370 RUIZ CORTINES SUPER LEY EXPRESS,1,CASA LEY S.A.P.I. DE C.V.,1883,Guasave,25,Sinaloa,,,"1370 RUIZ CORTINES SUPER LEY EXPRESS, Guasave, Sinaloa, Mexico",2026-02-19T18:28:10.419Z
107,1371 PLAZA LAS GLORIAS SUPER LEY EXPRESS,1,CASA LEY S.A.P.I. DE C.V.,1883,Guasave,25,Sinaloa,,,"1371 PLAZA LAS GLORIAS SUPER LEY EXPRESS, Guasave, Sinaloa, Mexico",2026-02-19T18:28:10.419Z
108,1372 EL FUERTE CENTRO SUPER LEY EXPRESS,1,CASA LEY S.A.P.I. DE C.V.,1882,El Fuerte,25,Sinaloa,,,"1372 EL FUERTE CENTRO SUPER LEY EXPRESS, El Fuerte, Sinaloa, Mexico",2026-02-19T18:28:10.419Z
109,1373 TERRANOVA SUPER LEY EXPRESS,1,CASA LEY S.A.P.I. DE C.V.,1878,Culiacán,25,Sinaloa,,,"1373 TERRANOVA SUPER LEY EXPRESS, Culiacán, Sinaloa, Mexico",2026-02-19T18:28:10.419Z
110,1374 CARRANZA SUPER LEY EXPRESS,1,CASA LEY S.A.P.I. DE C.V.,1878,Culiacán,25,Sinaloa,,,"1374 CARRANZA SUPER LEY EXPRESS, Culiacán, Sinaloa, Mexico",2026-02-19T18:28:10.419Z
111,1375 GENARO ESTRADA SUPER LEY EXPRESS,1,CASA LEY S.A.P.I. DE C.V.,1886,El Rosario,25,Sinaloa,,,"1375 GENARO ESTRADA SUPER LEY EXPRESS, El Rosario, Sinaloa, Mexico",2026-02-19T18:28:10.419Z
112,1381 CAMPO WILSON SUPER LEY EXPRESS,1,CASA LEY S.A.P.I. DE C.V.,1883,Guasave,25,Sinaloa,,,"1381 CAMPO WILSON SUPER LEY EXPRESS, Guasave, Sinaloa, Mexico",2026-02-19T18:28:10.419Z
113,1386 ISLA TRES FRESH MARKET,1,CASA LEY S.A.P.I. DE C.V.,1884,Mazatlán,25,Sinaloa,,,"1386 ISLA TRES FRESH MARKET, Mazatlán, Sinaloa, Mexico",2026-02-19T18:28:10.419Z
114,1394 EXPLANADA SUPER LEY,1,CASA LEY S.A.P.I. DE C.V.,1878,Culiacán,25,Sinaloa,,,"1394 EXPLANADA SUPER LEY, Culiacán, Sinaloa, Mexico",2026-02-19T18:28:10.419Z
115,1405 FRESH MARKET LA PRIMAVERA FRESH MARKET,1,CASA LEY S.A.P.I. DE C.V.,1878,Culiacán,25,Sinaloa,,,"1405 FRESH MARKET LA PRIMAVERA FRESH MARKET, Culiacán, Sinaloa, Mexico",2026-02-19T18:28:10.419Z
116,1411 ALTURAS DEL SUR SUPER LEY EXPRESS,1,CASA LEY S.A.P.I. DE C.V.,1878,Culiacán,25,Sinaloa,,,"1411 ALTURAS DEL SUR SUPER LEY EXPRESS, Culiacán, Sinaloa, Mexico",2026-02-19T18:28:10.419Z
117,2007 LEY JUAREZ MAYOREO,1,CASA LEY S.A.P.I. DE C.V.,1878,Culiacán,25,Sinaloa,,,"2007 LEY JUAREZ MAYOREO, Culiacán, Sinaloa, Mexico",2026-02-19T18:28:10.419Z
118,2008 GUAMUCHIL SUPER MAYOREO LEY,1,CASA LEY S.A.P.I. DE C.V.,1887,Salvador Alvarado,25,Sinaloa,,,"2008 GUAMUCHIL SUPER MAYOREO LEY, Salvador Alvarado, Sinaloa, Mexico",2026-02-19T18:28:10.419Z
119,2061 LEY MAYOREO MAZABASTOS MAYOREO,1,CASA LEY S.A.P.I. DE C.V.,1884,Mazatlán,25,Sinaloa,,,"2061 LEY MAYOREO MAZABASTOS MAYOREO, Mazatlán, Sinaloa, Mexico",2026-02-19T18:28:10.419Z
120,2024 HUMAYA SUPER MAYOREO LEY,1,CASA LEY S.A.P.I. DE C.V.,1878,Culiacán,25,Sinaloa,,,"2024 HUMAYA SUPER MAYOREO LEY, Culiacán, Sinaloa, Mexico",2026-02-19T18:28:10.419Z
121,2045 ABASTOS SUPER MAYOREO LEY,1,CASA LEY S.A.P.I. DE C.V.,1878,Culiacán,25,Sinaloa,,,"2045 ABASTOS SUPER MAYOREO LEY, Culiacán, Sinaloa, Mexico",2026-02-19T18:28:10.419Z
122,2057 TEPIC LEY MAYOREO,1,CASA LEY S.A.P.I. DE C.V.,952,Tepic,18,Nayarit,,,"2057 TEPIC LEY MAYOREO, Tepic, Nayarit, Mexico",2026-02-19T18:28:10.419Z
123,2066 GUASAVE SUPER MAYOREO LEY,1,CASA LEY S.A.P.I. DE C.V.,1883,Guasave,25,Sinaloa,,,"2066 GUASAVE SUPER MAYOREO LEY, Guasave, Sinaloa, Mexico",2026-02-19T18:28:10.419Z
124,2067 TABACHINES SUPER MAYOREO LEY,1,CASA LEY S.A.P.I. DE C.V.,1873,Ahome,25,Sinaloa,,,"2067 TABACHINES SUPER MAYOREO LEY, Ahome, Sinaloa, Mexico",2026-02-19T18:28:10.419Z
126,4011 PERECEDEROS BODEGA,1,CASA LEY S.A.P.I. DE C.V.,1878,Culiacán,25,Sinaloa,,,"4011 PERECEDEROS BODEGA, Culiacán, Sinaloa, Mexico",2026-02-19T18:28:10.419Z
127,4027 CEDIS 4027 CENTRO DE DISTIBUCION,1,CASA LEY S.A.P.I. DE C.V.,1878,Culiacán,25,Sinaloa,,,"4027 CEDIS 4027 CENTRO DE DISTIBUCION, Culiacán, Sinaloa, Mexico",2026-02-19T18:28:10.419Z
128,4080 CEDIS 4080 CENTRO DE DISTIBUCION,1,CASA LEY S.A.P.I. DE C.V.,1878,Culiacán,25,Sinaloa,,,"4080 CEDIS 4080 CENTRO DE DISTIBUCION, Culiacán, Sinaloa, Mexico",2026-02-19T18:28:10.419Z
129,4360 EL TREBOL BODEGA,1,CASA LEY S.A.P.I. DE C.V.,1878,Culiacán,25,Sinaloa,,,"4360 EL TREBOL BODEGA, Culiacán, Sinaloa, Mexico",2026-02-19T18:28:10.419Z
130,5901 CORPORATIVO LEY CORPORATIVO,1,CASA LEY S.A.P.I. DE C.V.,1878,Culiacán,25,Sinaloa,,,"5901 CORPORATIVO LEY CORPORATIVO, Culiacán, Sinaloa, Mexico",2026-02-19T18:28:10.419Z
131,1003C PLAZA LEY CENTRO COMERCIAL,1,CASA LEY S.A.P.I. DE C.V.,1878,Culiacán,25,Sinaloa,,,"1003C PLAZA LEY CENTRO COMERCIAL, Culiacán, Sinaloa, Mexico",2026-02-19T18:28:10.419Z
132,1412 MARALAGO LEY,1,CASA LEY S.A.P.I. DE C.V.,1878,Culiacán,25,Sinaloa,,,"1412 MARALAGO LEY, Culiacán, Sinaloa, Mexico",2026-02-19T18:28:10.419Z
133,133 BENITO JUAREZ FARMASI,2,OPEFAR S.A. DE C.V.,1887,Salvador Alvarado,25,Sinaloa,,,"133 BENITO JUAREZ FARMASI, Salvador Alvarado, Sinaloa, Mexico",2026-02-19T18:28:10.419Z
134,134 COLINAS DE LA RIVERA FARMASI,2,OPEFAR S.A. DE C.V.,1878,Culiacán,25,Sinaloa,,,"134 COLINAS DE LA RIVERA FARMASI, Culiacán, Sinaloa, Mexico",2026-02-19T18:28:10.419Z
135,135 ENRIQUE CABRERA FARMASI,2,OPEFAR S.A. DE C.V.,1878,Culiacán,25,Sinaloa,,,"135 ENRIQUE CABRERA FARMASI, Culiacán, Sinaloa, Mexico",2026-02-19T18:28:10.419Z
136,136 ESPACIOS BARCELONA FARMASI,2,OPEFAR S.A. DE C.V.,1878,Culiacán,25,Sinaloa,,,"136 ESPACIOS BARCELONA FARMASI, Culiacán, Sinaloa, Mexico",2026-02-19T18:28:10.419Z
137,137 LA CONQUISTA FARMASI,2,OPEFAR S.A. DE C.V.,1878,Culiacán,25,Sinaloa,,,"137 LA CONQUISTA FARMASI, Culiacán, Sinaloa, Mexico",2026-02-19T18:28:10.419Z
138,138 PERICOS FARMASI,2,OPEFAR S.A. DE C.V.,1885,Mocorito,25,Sinaloa,,,"138 PERICOS FARMASI, Mocorito, Sinaloa, Mexico",2026-02-19T18:28:10.419Z
139,139 PLAZA CINCUENTA 21 FARMASI,2,OPEFAR S.A. DE C.V.,1878,Culiacán,25,Sinaloa,,,"139 PLAZA CINCUENTA 21 FARMASI, Culiacán, Sinaloa, Mexico",2026-02-19T18:28:10.419Z
140,140 PRADERA DORADA FARMASI,2,OPEFAR S.A. DE C.V.,1878,Culiacán,25,Sinaloa,,,"140 PRADERA DORADA FARMASI, Culiacán, Sinaloa, Mexico",2026-02-19T18:28:10.419Z
141,141 SANTA FE FARMASI,2,OPEFAR S.A. DE C.V.,1878,Culiacán,25,Sinaloa,,,"141 SANTA FE FARMASI, Culiacán, Sinaloa, Mexico",2026-02-19T18:28:10.419Z
142,142 CAMINO REAL FARMASI,2,OPEFAR S.A. DE C.V.,1878,Culiacán,25,Sinaloa,,,"142 CAMINO REAL FARMASI, Culiacán, Sinaloa, Mexico",2026-02-19T18:28:10.419Z
143,143 CHAPULTEPEC FARMASI,2,OPEFAR S.A. DE C.V.,1878,Culiacán,25,Sinaloa,,,"143 CHAPULTEPEC FARMASI, Culiacán, Sinaloa, Mexico",2026-02-19T18:28:10.419Z
144,144 LAS AMERICAS FARMASI,2,OPEFAR S.A. DE C.V.,1878,Culiacán,25,Sinaloa,,,"144 LAS AMERICAS FARMASI, Culiacán, Sinaloa, Mexico",2026-02-19T18:28:10.419Z
145,145 LIMA FARMASI,2,OPEFAR S.A. DE C.V.,1878,Culiacán,25,Sinaloa,,,"145 LIMA FARMASI, Culiacán, Sinaloa, Mexico",2026-02-19T18:28:10.419Z
146,146 LOS ANGELES FARMASI,2,OPEFAR S.A. DE C.V.,1878,Culiacán,25,Sinaloa,,,"146 LOS ANGELES FARMASI, Culiacán, Sinaloa, Mexico",2026-02-19T18:28:10.419Z
147,147 LOS ANGELES DOS FARMASI,2,OPEFAR S.A. DE C.V.,1878,Culiacán,25,Sinaloa,,,"147 LOS ANGELES DOS FARMASI, Culiacán, Sinaloa, Mexico",2026-02-19T18:28:10.419Z
148,148 SANALONA FARMASI,2,OPEFAR S.A. DE C.V.,1878,Culiacán,25,Sinaloa,,,"148 SANALONA FARMASI, Culiacán, Sinaloa, Mexico",2026-02-19T18:28:10.419Z
149,149 5 DE MAYO FARMASI,2,OPEFAR S.A. DE C.V.,1878,Culiacán,25,Sinaloa,,,"149 5 DE MAYO FARMASI, Culiacán, Sinaloa, Mexico",2026-02-19T18:28:10.419Z
150,150 ALTURAS DEL SUR FARMASI,2,OPEFAR S.A. DE C.V.,1878,Culiacán,25,Sinaloa,,,"150 ALTURAS DEL SUR FARMASI, Culiacán, Sinaloa, Mexico",2026-02-19T18:28:10.419Z
151,151 GUADALUPE VICTORIA FARMASI,2,OPEFAR S.A. DE C.V.,1878,Culiacán,25,Sinaloa,,,"151 GUADALUPE VICTORIA FARMASI, Culiacán, Sinaloa, Mexico",2026-02-19T18:28:10.419Z
152,152 HUIZACHES FARMASI,2,OPEFAR S.A. DE C.V.,1878,Culiacán,25,Sinaloa,,,"152 HUIZACHES FARMASI, Culiacán, Sinaloa, Mexico",2026-02-19T18:28:10.419Z
153,153 MANUEL ESTRADA FARMASI,2,OPEFAR S.A. DE C.V.,1878,Culiacán,25,Sinaloa,,,"153 MANUEL ESTRADA FARMASI, Culiacán, Sinaloa, Mexico",2026-02-19T18:28:10.419Z
154,154 MARGARITA FARMASI,2,OPEFAR S.A. DE C.V.,1878,Culiacán,25,Sinaloa,,,"154 MARGARITA FARMASI, Culiacán, Sinaloa, Mexico",2026-02-19T18:28:10.419Z
155,155 PATRIA FARMASI,2,OPEFAR S.A. DE C.V.,1878,Culiacán,25,Sinaloa,,,"155 PATRIA FARMASI, Culiacán, Sinaloa, Mexico",2026-02-19T18:28:10.419Z
156,156 CAÑADAS FARMASI,2,OPEFAR S.A. DE C.V.,1878,Culiacán,25,Sinaloa,,,"156 CAÑADAS FARMASI, Culiacán, Sinaloa, Mexico",2026-02-19T18:28:10.419Z
157,157 CUMBRES FARMASI,2,OPEFAR S.A. DE C.V.,1878,Culiacán,25,Sinaloa,,,"157 CUMBRES FARMASI, Culiacán, Sinaloa, Mexico",2026-02-19T18:28:10.419Z
158,158 ESTHELA ORTIZ FARMASI,2,OPEFAR S.A. DE C.V.,1878,Culiacán,25,Sinaloa,,,"158 ESTHELA ORTIZ FARMASI, Culiacán, Sinaloa, Mexico",2026-02-19T18:28:10.419Z
159,159 MAQUIO CLOUTHIER FARMASI,2,OPEFAR S.A. DE C.V.,1878,Culiacán,25,Sinaloa,,,"159 MAQUIO CLOUTHIER FARMASI, Culiacán, Sinaloa, Mexico",2026-02-19T18:28:10.419Z
161,161 PASCUAL OROZCO FARMASI,2,OPEFAR S.A. DE C.V.,1878,Culiacán,25,Sinaloa,,,"161 PASCUAL OROZCO FARMASI, Culiacán, Sinaloa, Mexico",2026-02-19T18:28:10.419Z
162,162 PERISUR FARMASI,2,OPEFAR S.A. DE C.V.,1878,Culiacán,25,Sinaloa,,,"162 PERISUR FARMASI, Culiacán, Sinaloa, Mexico",2026-02-19T18:28:10.419Z
163,163 TERRONES FARMASI,2,OPEFAR S.A. DE C.V.,1878,Culiacán,25,Sinaloa,,,"163 TERRONES FARMASI, Culiacán, Sinaloa, Mexico",2026-02-19T18:28:10.419Z
164,164 VILLA BONITA FARMASI,2,OPEFAR S.A. DE C.V.,1878,Culiacán,25,Sinaloa,,,"164 VILLA BONITA FARMASI, Culiacán, Sinaloa, Mexico",2026-02-19T18:28:10.419Z
165,165 LIBERTAD FARMASI,2,OPEFAR S.A. DE C.V.,1878,Culiacán,25,Sinaloa,,,"165 LIBERTAD FARMASI, Culiacán, Sinaloa, Mexico",2026-02-19T18:28:10.419Z
166,166 BENJAMIN HILL FARMASI,2,OPEFAR S.A. DE C.V.,1878,Culiacán,25,Sinaloa,,,"166 BENJAMIN HILL FARMASI, Culiacán, Sinaloa, Mexico",2026-02-19T18:28:10.419Z
167,167 CHULAVISTA FARMASI,2,OPEFAR S.A. DE C.V.,1878,Culiacán,25,Sinaloa,,,"167 CHULAVISTA FARMASI, Culiacán, Sinaloa, Mexico",2026-02-19T18:28:10.419Z
168,168 DARITZY FARMASI,2,OPEFAR S.A. DE C.V.,1878,Culiacán,25,Sinaloa,,,"168 DARITZY FARMASI, Culiacán, Sinaloa, Mexico",2026-02-19T18:28:10.419Z
169,169 LAS TORRES FARMASI,2,OPEFAR S.A. DE C.V.,1878,Culiacán,25,Sinaloa,,,"169 LAS TORRES FARMASI, Culiacán, Sinaloa, Mexico",2026-02-19T18:28:10.419Z
170,170 LOMAS DEL BLVD FARMASI,2,OPEFAR S.A. DE C.V.,1878,Culiacán,25,Sinaloa,,,"170 LOMAS DEL BLVD FARMASI, Culiacán, Sinaloa, Mexico",2026-02-19T18:28:10.419Z
171,171 MONT BLANC FARMASI,2,OPEFAR S.A. DE C.V.,1878,Culiacán,25,Sinaloa,,,"171 MONT BLANC FARMASI, Culiacán, Sinaloa, Mexico",2026-02-19T18:28:10.419Z
172,172 PALMITO FARMASI,2,OPEFAR S.A. DE C.V.,1878,Culiacán,25,Sinaloa,,,"172 PALMITO FARMASI, Culiacán, Sinaloa, Mexico",2026-02-19T18:28:10.419Z
173,173 VILLA JUAREZ Foranea,2,OPEFAR S.A. DE C.V.,1890,Navolato,25,Sinaloa,,,"173 VILLA JUAREZ Foranea, Navolato, Sinaloa, Mexico",2026-02-19T18:28:10.419Z
174,174 BACHIGUALATO FARMASI,2,OPEFAR S.A. DE C.V.,1878,Culiacán,25,Sinaloa,,,"174 BACHIGUALATO FARMASI, Culiacán, Sinaloa, Mexico",2026-02-19T18:28:10.419Z
175,175 BUGAMBILIAS FARMASI,2,OPEFAR S.A. DE C.V.,1878,Culiacán,25,Sinaloa,,,"175 BUGAMBILIAS FARMASI, Culiacán, Sinaloa, Mexico",2026-02-19T18:28:10.419Z
176,176 LA ESTANCIA FARMASI,2,OPEFAR S.A. DE C.V.,1878,Culiacán,25,Sinaloa,,,"176 LA ESTANCIA FARMASI, Culiacán, Sinaloa, Mexico",2026-02-19T18:28:10.419Z
177,177 SAN JOSE MARIA FARMASI,2,OPEFAR S.A. DE C.V.,1878,Culiacán,25,Sinaloa,,,"177 SAN JOSE MARIA FARMASI, Culiacán, Sinaloa, Mexico",2026-02-19T18:28:10.419Z
178,178 STANZA TOSCANA FARMASI,2,OPEFAR S.A. DE C.V.,1878,Culiacán,25,Sinaloa,,,"178 STANZA TOSCANA FARMASI, Culiacán, Sinaloa, Mexico",2026-02-19T18:28:10.419Z
179,179 TERRANOVA FARMASI,2,OPEFAR S.A. DE C.V.,1878,Culiacán,25,Sinaloa,,,"179 TERRANOVA FARMASI, Culiacán, Sinaloa, Mexico",2026-02-19T18:28:10.419Z
180,180 UNIVERSO FARMASI,2,OPEFAR S.A. DE C.V.,1878,Culiacán,25,Sinaloa,,,"180 UNIVERSO FARMASI, Culiacán, Sinaloa, Mexico",2026-02-19T18:28:10.419Z
181,181 Loma De Rodriguera FARMASI,2,OPEFAR S.A. DE C.V.,1878,Culiacán,25,Sinaloa,,,"181 Loma De Rodriguera FARMASI, Culiacán, Sinaloa, Mexico",2026-02-19T18:28:10.419Z
182,182 Progreso FARMASI,2,OPEFAR S.A. DE C.V.,1878,Culiacán,25,Sinaloa,,,"182 Progreso FARMASI, Culiacán, Sinaloa, Mexico",2026-02-19T18:28:10.419Z
183,183 Horizontes FARMASI,2,OPEFAR S.A. DE C.V.,1878,Culiacán,25,Sinaloa,,,"183 Horizontes FARMASI, Culiacán, Sinaloa, Mexico",2026-02-19T18:28:10.419Z
184,184 Empaque EMPAQUE,6,EVOLVE,1890,Navolato,25,Sinaloa,,,"184 Empaque EMPAQUE, Navolato, Sinaloa, Mexico",2026-02-19T18:28:10.419Z
185,185 CUARTERIAS ,6,EVOLVE,1890,Navolato,25,Sinaloa,,,"185 CUARTERIAS , Navolato, Sinaloa, Mexico",2026-02-19T18:28:10.419Z
186,186 CUATRO CAMINOS ASEGURADORA,5,FONDO DE ASEGURAMIENTO AGRÍCOLA CUATRO CAMINOS,1890,Navolato,25,Sinaloa,,,"186 CUATRO CAMINOS ASEGURADORA, Navolato, Sinaloa, Mexico",2026-02-19T18:28:10.419Z
188,188 REVOLUCIÓN FARMASI,2,OPEFAR S.A. DE C.V.,1878,Culiacán,25,Sinaloa,,,"188 REVOLUCIÓN FARMASI, Culiacán, Sinaloa, Mexico",2026-02-19T18:28:10.419Z
189,189 Bugambilias Corporativo CORPORATIVO,2,OPEFAR S.A. DE C.V.,1878,Culiacán,25,Sinaloa,,,"189 Bugambilias Corporativo CORPORATIVO, Culiacán, Sinaloa, Mexico",2026-02-19T18:28:10.419Z
190,1053 LEY PLAZA DEL EVORA PLAZA LEY,1,CASA LEY S.A.P.I. DE C.V.,1887,Salvador Alvarado,25,Sinaloa,,,"1053 LEY PLAZA DEL EVORA PLAZA LEY, Salvador Alvarado, Sinaloa, Mexico",2026-02-19T18:28:10.419Z
191,191 CEDIS-BODEGA CEDIS,4,"GD COMERCIALIZADORA DEL BAJIO, S.A. DE C.V.",1878,Culiacán,25,Sinaloa,,,"191 CEDIS-BODEGA CEDIS, Culiacán, Sinaloa, Mexico",2026-02-19T18:28:10.419Z
192,192 Galerías San Miguel MUEBLERIA,4,"GD COMERCIALIZADORA DEL BAJIO, S.A. DE C.V.",1878,Culiacán,25,Sinaloa,,,"192 Galerías San Miguel MUEBLERIA, Culiacán, Sinaloa, Mexico",2026-02-19T18:28:10.419Z
193,193 Tres Ríos MUEBLERIA,4,"GD COMERCIALIZADORA DEL BAJIO, S.A. DE C.V.",1878,Culiacán,25,Sinaloa,,,"193 Tres Ríos MUEBLERIA, Culiacán, Sinaloa, Mexico",2026-02-19T18:28:10.419Z
194,194 EVLOK INDUSTRIA,9,SOLUCIONES EVLOK PREFABRICADOS,1890,Navolato,25,Sinaloa,,,"194 EVLOK INDUSTRIA, Navolato, Sinaloa, Mexico",2026-02-19T18:28:10.419Z
195,195 OLYMPO FARMS AGRICOLA,8,OLYMPO FARMS S.A. DE C.V.,1890,Navolato,25,Sinaloa,,,"195 OLYMPO FARMS AGRICOLA, Navolato, Sinaloa, Mexico",2026-02-19T18:28:10.419Z
196,196 CETRESA INDUSTRIA,7,CEMENTOS Y TREFILADOS DEL NOROESTE,1890,Navolato,25,Sinaloa,,,"196 CETRESA INDUSTRIA, Navolato, Sinaloa, Mexico",2026-02-19T18:28:10.419Z
197,197 EL SERRUCHO AGRICOLA,10,"AGRH, S.A. DE C.V.",1890,Navolato,25,Sinaloa,,,"197 EL SERRUCHO AGRICOLA, Navolato, Sinaloa, Mexico",2026-02-19T18:28:10.419Z
198,198 PG GROWERS EMPAQUE,11,PAREDES GAXIOLA FARMS SAPI. DE CV.,1890,Navolato,25,Sinaloa,,,"198 PG GROWERS EMPAQUE, Navolato, Sinaloa, Mexico",2026-02-19T18:28:10.419Z
199,199 LA 50 EMPAQUE,12,"NACIONAL PROVEEDORA DE HORTALIZAS, S.A. DE C.V.",1890,Navolato,25,Sinaloa,,,"199 LA 50 EMPAQUE, Navolato, Sinaloa, Mexico",2026-02-19T18:28:10.419Z
200,1141 SUPER LEY JUVENTUD 2000 SUPER LEY,1,CASA LEY S.A.P.I. DE C.V.,2,Mexicali,2,Baja California,,,"1141 SUPER LEY JUVENTUD 2000 SUPER LEY, Mexicali, Baja California, Mexico",2026-02-19T18:28:10.419Z
201,1160 LEY EXPRESS GUADALUPE VICTORIA LEY EXPRESS,1,CASA LEY S.A.P.I. DE C.V.,2,Mexicali,2,Baja California,,,"1160 LEY EXPRESS GUADALUPE VICTORIA LEY EXPRESS, Mexicali, Baja California, Mexico",2026-02-19T18:28:10.419Z
202,1192 LEY EXPRESS MISION DEL ANGEL LEY EXPRESS,1,CASA LEY S.A.P.I. DE C.V.,2,Mexicali,2,Baja California,,,"1192 LEY EXPRESS MISION DEL ANGEL LEY EXPRESS, Mexicali, Baja California, Mexico",2026-02-19T18:28:10.419Z
203,1203 LEY EXPRESS CASA DIGNA LEY EXPRESS,1,CASA LEY S.A.P.I. DE C.V.,2,Mexicali,2,Baja California,,,"1203 LEY EXPRESS CASA DIGNA LEY EXPRESS, Mexicali, Baja California, Mexico",2026-02-19T18:28:10.419Z
204,1078 LEY PERIFERICO LEY,1,CASA LEY S.A.P.I. DE C.V.,2,Mexicali,2,Baja California,,,"1078 LEY PERIFERICO LEY, Mexicali, Baja California, Mexico",2026-02-19T18:28:10.419Z
205,1140 SUPER LEY ORIZABA SUPER LEY,1,CASA LEY S.A.P.I. DE C.V.,2,Mexicali,2,Baja California,,,"1140 SUPER LEY ORIZABA SUPER LEY, Mexicali, Baja California, Mexico",2026-02-19T18:28:10.419Z
206,1096 LEY INDEPENDENCIA LEY,1,CASA LEY S.A.P.I. DE C.V.,2,Mexicali,2,Baja California,,,"1096 LEY INDEPENDENCIA LEY, Mexicali, Baja California, Mexico",2026-02-19T18:28:10.419Z
207,1143 LEY EXPRESS VALLE DEL PEDREGAL LEY EXPRESS,1,CASA LEY S.A.P.I. DE C.V.,2,Mexicali,2,Baja California,,,"1143 LEY EXPRESS VALLE DEL PEDREGAL LEY EXPRESS, Mexicali, Baja California, Mexico",2026-02-19T18:28:10.419Z
208,1147 LEY EXPRESS PALACO LEY EXPRESS,1,CASA LEY S.A.P.I. DE C.V.,2,Mexicali,2,Baja California,,,"1147 LEY EXPRESS PALACO LEY EXPRESS, Mexicali, Baja California, Mexico",2026-02-19T18:28:10.419Z
209,1026 LEY NUEVO MEXICALI LEY,1,CASA LEY S.A.P.I. DE C.V.,2,Mexicali,2,Baja California,,,"1026 LEY NUEVO MEXICALI LEY, Mexicali, Baja California, Mexico",2026-02-19T18:28:10.419Z
210,2190 PEDREGAL SUPER MAYOREO LEY,1,CASA LEY S.A.P.I. DE C.V.,2,Mexicali,2,Baja California,,,"2190 PEDREGAL SUPER MAYOREO LEY, Mexicali, Baja California, Mexico",2026-02-19T18:28:10.419Z
211,1036 LEY PUEBLO NUEVO LEY,1,CASA LEY S.A.P.I. DE C.V.,2,Mexicali,2,Baja California,,,"1036 LEY PUEBLO NUEVO LEY, Mexicali, Baja California, Mexico",2026-02-19T18:28:10.419Z
212,1043 LEY PLAZA CACHANILLA LEY,1,CASA LEY S.A.P.I. DE C.V.,2,Mexicali,2,Baja California,,,"1043 LEY PLAZA CACHANILLA LEY, Mexicali, Baja California, Mexico",2026-02-19T18:28:10.419Z
213,1204 LEY EXPRESS QUINTA DEL REY LEY EXPRESS,1,CASA LEY S.A.P.I. DE C.V.,2,Mexicali,2,Baja California,,,"1204 LEY EXPRESS QUINTA DEL REY LEY EXPRESS, Mexicali, Baja California, Mexico",2026-02-19T18:28:10.419Z
214,1254 SUPER LEY EXPRESS ANGELES DE PUEBLA SUPER LEY EXPRESS,1,CASA LEY S.A.P.I. DE C.V.,2,Mexicali,2,Baja California,,,"1254 SUPER LEY EXPRESS ANGELES DE PUEBLA SUPER LEY EXPRESS, Mexicali, Baja California, Mexico",2026-02-19T18:28:10.419Z
215,2034 MEXICALI SUPER MAYOREO LEY,1,CASA LEY S.A.P.I. DE C.V.,2,Mexicali,2,Baja California,,,"2034 MEXICALI SUPER MAYOREO LEY, Mexicali, Baja California, Mexico",2026-02-19T18:28:10.419Z
216,1082 LEY VILLA FONTANA LEY,1,CASA LEY S.A.P.I. DE C.V.,2,Mexicali,2,Baja California,,,"1082 LEY VILLA FONTANA LEY, Mexicali, Baja California, Mexico",2026-02-19T18:28:10.419Z
217,1298 SUPER LEY EXPRESS LA CONDESA SUPER LEY EXPRESS,1,CASA LEY S.A.P.I. DE C.V.,2,Mexicali,2,Baja California,,,"1298 SUPER LEY EXPRESS LA CONDESA SUPER LEY EXPRESS, Mexicali, Baja California, Mexico",2026-02-19T18:28:10.419Z
218,1040 DE ALICA ,1,CASA LEY S.A.P.I. DE C.V.,952,Tepic,18,Nayarit,,,"1040 DE ALICA , Tepic, Nayarit, Mexico",2026-02-19T18:28:10.419Z
219,1336 LEY PLAZA SENDERO MEXICALI LEY,1,CASA LEY S.A.P.I. DE C.V.,2,Mexicali,2,Baja California,,,"1336 LEY PLAZA SENDERO MEXICALI LEY, Mexicali, Baja California, Mexico",2026-02-19T18:28:10.419Z
220,1415 CHINITOS ,1,CASA LEY S.A.P.I. DE C.V.,1874,Angostura,25,Sinaloa,,,"1415 CHINITOS , Angostura, Sinaloa, Mexico",2026-02-19T18:28:10.419Z
221,221 NATURALGROW AGRICOLA,13,NATURAL GROW S.A.P.I. DE C.V.,1878,Culiacán,25,Sinaloa,,,"221 NATURALGROW AGRICOLA, Culiacán, Sinaloa, Mexico",2026-02-19T18:28:10.419Z
222,222 UNIDAD ACADÉMICA DE CIENCIAS DE LA COMUNICACIÓN FACULTAD,14,UNIVERSIDAD AUTONOMA DE SINALOA,1878,Culiacán,25,Sinaloa,,,"222 UNIDAD ACADÉMICA DE CIENCIAS DE LA COMUNICACIÓN FACULTAD, Culiacán, Sinaloa, Mexico",2026-02-19T18:28:10.419Z
223,223 FACULTAD DE FILOSOFIA Y LETRAS FACULTAD,14,UNIVERSIDAD AUTONOMA DE SINALOA,1878,Culiacán,25,Sinaloa,,,"223 FACULTAD DE FILOSOFIA Y LETRAS FACULTAD, Culiacán, Sinaloa, Mexico",2026-02-19T18:28:10.419Z
224,224 FACULTAD DE HISTORIA FACULTAD,14,UNIVERSIDAD AUTONOMA DE SINALOA,1878,Culiacán,25,Sinaloa,,,"224 FACULTAD DE HISTORIA FACULTAD, Culiacán, Sinaloa, Mexico",2026-02-19T18:28:10.419Z
225,225 FACULTAD DE EDUCACION FISICA Y DEPORTE FACULTAD,14,UNIVERSIDAD AUTONOMA DE SINALOA,1878,Culiacán,25,Sinaloa,,,"225 FACULTAD DE EDUCACION FISICA Y DEPORTE FACULTAD, Culiacán, Sinaloa, Mexico",2026-02-19T18:28:10.419Z
226,1021 PLAZA LEY MAZATLAN LEY,1,CASA LEY S.A.P.I. DE C.V.,1884,Mazatlán,25,Sinaloa,,,"1021 PLAZA LEY MAZATLAN LEY, Mazatlán, Sinaloa, Mexico",2026-02-19T18:28:10.419Z
227,1033 LEY EXPRESS MERCADO LEY EXPRESS,1,CASA LEY S.A.P.I. DE C.V.,1884,Mazatlán,25,Sinaloa,,,"1033 LEY EXPRESS MERCADO LEY EXPRESS, Mazatlán, Sinaloa, Mexico",2026-02-19T18:28:10.419Z
228,1090 LEY EL CONCHI LEY,1,CASA LEY S.A.P.I. DE C.V.,1884,Mazatlán,25,Sinaloa,,,"1090 LEY EL CONCHI LEY, Mazatlán, Sinaloa, Mexico",2026-02-19T18:28:10.419Z
229,1256 SUPER LEY EXPRESS MUNICH SUPER LEY EXPRESS,1,CASA LEY S.A.P.I. DE C.V.,1884,Mazatlán,25,Sinaloa,,,"1256 SUPER LEY EXPRESS MUNICH SUPER LEY EXPRESS, Mazatlán, Sinaloa, Mexico",2026-02-19T18:28:10.419Z
230,1288 LEY VALLE DORADO LEY,1,CASA LEY S.A.P.I. DE C.V.,1884,Mazatlán,25,Sinaloa,,,"1288 LEY VALLE DORADO LEY, Mazatlán, Sinaloa, Mexico",2026-02-19T18:28:10.419Z
231,LEY PLAZA GUASAVE PLAZA,15,ASESORIA PLAZA GUASAVE SA DE CV,1883,Guasave,25,Sinaloa,,,"LEY PLAZA GUASAVE PLAZA, Guasave, Sinaloa, Mexico",2026-02-19T18:28:10.419Z
232,1310 LEY PASEO BICENTENARIO LEY,1,CASA LEY S.A.P.I. DE C.V.,1884,Mazatlán,25,Sinaloa,,,"1310 LEY PASEO BICENTENARIO LEY, Mazatlán, Sinaloa, Mexico",2026-02-19T18:28:10.419Z
233,1088 LEY PUERTO VALLARTA LEY,1,CASA LEY S.A.P.I. DE C.V.,72,Puerto Vallarta,15,Jalisco,,,"1088 LEY PUERTO VALLARTA LEY, Puerto Vallarta, Jalisco, Mexico",2026-02-19T18:28:10.419Z
234,1390 LEY NUEVO NAYARIT LEY,1,CASA LEY S.A.P.I. DE C.V.,955,Bahía de Banderas,18,Nayarit,,,"1390 LEY NUEVO NAYARIT LEY, Bahía de Banderas, Nayarit, Mexico",2026-02-19T18:28:10.419Z
235,1063 SUPER LEY NOGALES SUPER LEY,1,CASA LEY S.A.P.I. DE C.V.,1934,Nogales,26,Sonora,,,"1063 SUPER LEY NOGALES SUPER LEY, Nogales, Sonora, Mexico",2026-02-19T18:28:10.419Z
236,2014 NOGALES SUPER MAYOREO LEY,1,CASA LEY S.A.P.I. DE C.V.,1934,Nogales,26,Sonora,,,"2014 NOGALES SUPER MAYOREO LEY, Nogales, Sonora, Mexico",2026-02-19T18:28:10.419Z
237,1283 SUPER LEY EXPRESS AGAVES SUPER LEY EXPRESS,1,CASA LEY S.A.P.I. DE C.V.,1922,Hermosillo,26,Sonora,,,"1283 SUPER LEY EXPRESS AGAVES SUPER LEY EXPRESS, Hermosillo, Sonora, Mexico",2026-02-19T18:28:10.419Z
238,4242 LEY CEDIS HERMOSILLO CEDIS,1,CASA LEY S.A.P.I. DE C.V.,1922,Hermosillo,26,Sonora,,,"4242 LEY CEDIS HERMOSILLO CEDIS, Hermosillo, Sonora, Mexico",2026-02-19T18:28:10.419Z
239,1399 LEY EXPRESS EMPALME CENTRO LEY EXPRESS,1,CASA LEY S.A.P.I. DE C.V.,1917,Empalme,26,Sonora,,,"1399 LEY EXPRESS EMPALME CENTRO LEY EXPRESS, Empalme, Sonora, Mexico",2026-02-19T18:28:10.419Z
240,1023 LEY CHICO LEY,1,CASA LEY S.A.P.I. DE C.V.,1922,Hermosillo,26,Sonora,,,"1023 LEY CHICO LEY, Hermosillo, Sonora, Mexico",2026-02-19T18:28:10.419Z
241,1167 LEY EXPRESS ALTARES LEY EXPRESS,1,CASA LEY S.A.P.I. DE C.V.,1922,Hermosillo,26,Sonora,,,"1167 LEY EXPRESS ALTARES LEY EXPRESS, Hermosillo, Sonora, Mexico",2026-02-19T18:28:10.419Z
242,1287 LEY SAN MIGUEL LEY,1,CASA LEY S.A.P.I. DE C.V.,1934,Nogales,26,Sonora,,,"1287 LEY SAN MIGUEL LEY, Nogales, Sonora, Mexico",2026-02-19T18:28:10.419Z
243,1389 LEY EXPRESS NOGALES NORTE LEY EXPRESS,1,CASA LEY S.A.P.I. DE C.V.,1934,Nogales,26,Sonora,,,"1389 LEY EXPRESS NOGALES NORTE LEY EXPRESS, Nogales, Sonora, Mexico",2026-02-19T18:28:10.419Z
244,1127 SUPER LEY PUERTO PEÑASCO SUPER LEY,1,CASA LEY S.A.P.I. DE C.V.,1939,Puerto Peñasco,26,Sonora,,,"1127 SUPER LEY PUERTO PEÑASCO SUPER LEY, Puerto Peñasco, Sonora, Mexico",2026-02-19T18:28:10.419Z
245,1234 LEY EXPRESS ROCKY POINT LEY EXPRESS,1,CASA LEY S.A.P.I. DE C.V.,1939,Puerto Peñasco,26,Sonora,,,"1234 LEY EXPRESS ROCKY POINT LEY EXPRESS, Puerto Peñasco, Sonora, Mexico",2026-02-19T18:28:10.419Z
246,246 CUARTERIAS EMPAQUE,16,LA CAPILLA,1890,Navolato,25,Sinaloa,,,"246 CUARTERIAS EMPAQUE, Navolato, Sinaloa, Mexico",2026-02-19T18:28:10.419Z
247,247 PLAZA DEL RIO PLAZA,17,ADMINISTRADORA DE INMUEBLES DEL HUMAYA,1878,Culiacán,25,Sinaloa,,,"247 PLAZA DEL RIO PLAZA, Culiacán, Sinaloa, Mexico",2026-02-19T18:28:10.419Z
248,248 CEDIS BARRANCOS CEDIS,18,DIFARMER S.A. DE C.V.,1878,Culiacán,25,Sinaloa,,,"248 CEDIS BARRANCOS CEDIS, Culiacán, Sinaloa, Mexico",2026-02-19T18:28:10.419Z
249,249 TALLER LA COSTERITA TALLER,19,AUTO CLUB,1890,Navolato,25,Sinaloa,,,"249 TALLER LA COSTERITA TALLER, Navolato, Sinaloa, Mexico",2026-02-19T18:28:10.419Z
250,250 ELEKTRA MOTOS TIENDA,19,AUTO CLUB,1890,Navolato,25,Sinaloa,,,"250 ELEKTRA MOTOS TIENDA, Navolato, Sinaloa, Mexico",2026-02-19T18:28:10.419Z
251,251 ARREBIATADAS RESTAURANTE,20,YAHEL ANTONIO GRAVE PARTIDA,1890,Navolato,25,Sinaloa,,,"251 ARREBIATADAS RESTAURANTE, Navolato, Sinaloa, Mexico",2026-02-19T18:28:10.419Z
252,252 PRINCIPAL AGRICOLA,16,LA CAPILLA,1890,Navolato,25,Sinaloa,,,"252 PRINCIPAL AGRICOLA, Navolato, Sinaloa, Mexico",2026-02-19T18:28:10.419Z
253,253 INSTITUTO MIA MUSEO,21,MUNICIPIO DE CULIACÁN,1878,Culiacán,25,Sinaloa,,,"253 INSTITUTO MIA MUSEO, Culiacán, Sinaloa, Mexico",2026-02-19T18:28:10.419Z
254,254 LA COSTA CONSTRUCTORA,22,CAINIAO SUPPLY CHAIN MANAGEMENT MEX S.A DE C.V.,1878,Culiacán,25,Sinaloa,,,"254 LA COSTA CONSTRUCTORA, Culiacán, Sinaloa, Mexico",2026-02-19T18:28:10.419Z
255,255 CENTRO COMERCIAL “PLAZA MAZATLÁN “ PLAZA,17,ADMINISTRADORA DE INMUEBLES DEL HUMAYA,1884,Mazatlán,25,Sinaloa,,,"255 CENTRO COMERCIAL “PLAZA MAZATLÁN “ PLAZA, Mazatlán, Sinaloa, Mexico",2026-02-19T18:28:10.419Z
256,256 CASA MAZATLAN CASA DE EMPE�O,23,TENEDORA DE ACCIONES CM S.A.P.I. de C.V.,1890,Navolato,25,Sinaloa,,,"256 CASA MAZATLAN CASA DE EMPE�O, Navolato, Sinaloa, Mexico",2026-02-19T18:28:10.419Z
257,257 BUGAMBILIAS CORPORATIVO,18,DIFARMER S.A. DE C.V.,1878,Culiacán,25,Sinaloa,,,"257 BUGAMBILIAS CORPORATIVO, Culiacán, Sinaloa, Mexico",2026-02-19T18:28:10.419Z
258,258 Consultorio CLINICA,24,Consultorio hiperbárico,1878,Culiacán,25,Sinaloa,,,"258 Consultorio CLINICA, Culiacán, Sinaloa, Mexico",2026-02-19T18:28:10.419Z
259,3427 MILANO 1 Tienda de ropa,25,MILANO OPERADORA S.A. DE C.V.,1873,Ahome,25,Sinaloa,,,"3427 MILANO 1 Tienda de ropa, Ahome, Sinaloa, Mexico",2026-02-19T18:28:10.419Z
260,3965 MILANO 2 Tienda de ropa,25,MILANO OPERADORA S.A. DE C.V.,1873,Ahome,25,Sinaloa,,,"3965 MILANO 2 Tienda de ropa, Ahome, Sinaloa, Mexico",2026-02-19T18:28:10.419Z
261,3580 MILANO Tienda de ropa,25,MILANO OPERADORA S.A. DE C.V.,1890,Navolato,25,Sinaloa,,,"3580 MILANO Tienda de ropa, Navolato, Sinaloa, Mexico",2026-02-19T18:28:10.419Z
262,262 EMPAQUE EMPAQUE,26,EJOTES PRODUCE,1890,Navolato,25,Sinaloa,,,"262 EMPAQUE EMPAQUE, Navolato, Sinaloa, Mexico",2026-02-19T18:28:10.419Z
263,263 MAXILANA CASA DE EMPEÑO,27,LA NACIONAL PIGNORACIONES Y REMATES S.A. DE C.V.,1890,Navolato,25,Sinaloa,,,"263 MAXILANA CASA DE EMPEÑO, Navolato, Sinaloa, Mexico",2026-02-19T18:28:10.419Z
264,264 AEROMEXICO CARGO PAQUETERIA,28,"AEROVÍAS EMPRESA DE CARGO, S.A. DE C.V.",1890,Navolato,25,Sinaloa,,,"264 AEROMEXICO CARGO PAQUETERIA, Navolato, Sinaloa, Mexico",2026-02-19T18:28:10.419Z
265,265 NICOLAS BRAVO FARMASI,2,OPEFAR S.A. DE C.V.,1878,Culiacán,25,Sinaloa,,,"265 NICOLAS BRAVO FARMASI, Culiacán, Sinaloa, Mexico",2026-02-19T18:28:10.419Z
266,266 LOMA LINDA FARMASI,2,OPEFAR S.A. DE C.V.,1878,Culiacán,25,Sinaloa,,,"266 LOMA LINDA FARMASI, Culiacán, Sinaloa, Mexico",2026-02-19T18:28:10.419Z
267,1414 LAS QUINTAS FRESH MARKET,1,CASA LEY S.A.P.I. DE C.V.,1878,Culiacán,25,Sinaloa,,,"1414 LAS QUINTAS FRESH MARKET, Culiacán, Sinaloa, Mexico",2026-02-19T18:28:10.419Z
268,268 ASADERO DEL RANCHO BONANZA BAR,29,LORENZO SANCHEZ TORRESILLAS,1878,Culiacán,25,Sinaloa,,,"268 ASADERO DEL RANCHO BONANZA BAR, Culiacán, Sinaloa, Mexico",2026-02-19T18:28:10.419Z
269,269 TERNIUM CULIACÁN CEDIS,30,"TERNIUM MÉXICO, S.A. DE C.V.",1878,Culiacán,25,Sinaloa,,,"269 TERNIUM CULIACÁN CEDIS, Culiacán, Sinaloa, Mexico",2026-02-19T18:28:10.419Z
270,270 UNICA BAR,31,LAS RANAS SPORT BAR,1878,Culiacán,25,Sinaloa,,,"270 UNICA BAR, Culiacán, Sinaloa, Mexico",2026-02-19T18:28:10.419Z
271,271 UNICA BAR,32,DISCO BAR PAPION’S,1878,Culiacán,25,Sinaloa,,,"271 UNICA BAR, Culiacán, Sinaloa, Mexico",2026-02-19T18:28:10.419Z
272,272 JIRVA SEGURIDAD INDUSTRIAL MATERIAL CONTRA INCENDIOS,33,JESUS ANTONIO CASTRO MEDINA,1878,Culiacán,25,Sinaloa,,,"272 JIRVA SEGURIDAD INDUSTRIAL MATERIAL CONTRA INCENDIOS, Culiacán, Sinaloa, Mexico",2026-02-19T18:28:10.419Z
273,273 CONSTITUCIÓN TIENDA,34,TIENDAS CUPRUM S.A. de C.V.,1878,Culiacán,25,Sinaloa,,,"273 CONSTITUCIÓN TIENDA, Culiacán, Sinaloa, Mexico",2026-02-19T18:28:10.419Z
274,1208 SLey Bachoco ,1,CASA LEY S.A.P.I. DE C.V.,1922,Hermosillo,26,Sonora,,,"1208 SLey Bachoco , Hermosillo, Sonora, Mexico",2026-02-19T18:28:10.419Z
275,1359 LA MODERNA SUPER LEY EXPRESS,1,CASA LEY S.A.P.I. DE C.V.,,,26,Sonora,,,"1359 LA MODERNA SUPER LEY EXPRESS, Sonora, Mexico",2026-02-19T18:28:10.419Z
276,1272 SUPER LEY ,1,CASA LEY S.A.P.I. DE C.V.,,,26,Sonora,,,"1272 SUPER LEY , Sonora, Mexico",2026-02-19T18:28:10.419Z
277,1255 SUPER LEY SERDAN ,1,CASA LEY S.A.P.I. DE C.V.,,,26,Sonora,,,"1255 SUPER LEY SERDAN , Sonora, Mexico",2026-02-19T18:28:10.419Z
278,1297 SUPER LEY MARSELLA ,1,CASA LEY S.A.P.I. DE C.V.,,,26,Sonora,,,"1297 SUPER LEY MARSELLA , Sonora, Mexico",2026-02-19T18:28:10.419Z
279,1054 LEY EL VIGIA ,1,CASA LEY S.A.P.I. DE C.V.,,,26,Sonora,,,"1054 LEY EL VIGIA , Sonora, Mexico",2026-02-19T18:28:10.419Z
280,1276 GUAYMAS SUR SUPER LEY EXPRESS,1,CASA LEY S.A.P.I. DE C.V.,,,26,Sonora,,,"1276 GUAYMAS SUR SUPER LEY EXPRESS, Sonora, Mexico",2026-02-19T18:28:10.419Z
281,1400 GUAYMAS CENTRO SUPER LEY EXPRESS,1,CASA LEY S.A.P.I. DE C.V.,,,26,Sonora,,,"1400 GUAYMAS CENTRO SUPER LEY EXPRESS, Sonora, Mexico",2026-02-19T18:28:10.419Z
282,1232 SAN CARLOS SUPER LEY EXPRESS,1,CASA LEY S.A.P.I. DE C.V.,,,26,Sonora,,,"1232 SAN CARLOS SUPER LEY EXPRESS, Sonora, Mexico",2026-02-19T18:28:10.419Z
283,1218 GUAYMAS NORTE SUPER LEY EXPRESS,1,CASA LEY S.A.P.I. DE C.V.,,,26,Sonora,,,"1218 GUAYMAS NORTE SUPER LEY EXPRESS, Sonora, Mexico",2026-02-19T18:28:10.419Z
285,1291 Ley Quiroga ,1,CASA LEY S.A.P.I. DE C.V.,1927,Magdalena,26,Sonora,,,"1291 Ley Quiroga , Magdalena, Sonora, Mexico",2026-02-19T18:28:10.419Z
286,1319 Ley Villa del Cortes ,1,CASA LEY S.A.P.I. DE C.V.,1922,Hermosillo,26,Sonora,,,"1319 Ley Villa del Cortes , Hermosillo, Sonora, Mexico",2026-02-19T18:28:10.419Z
287,1801 LEY PASEO BICENTENARIO ,1,CASA LEY S.A.P.I. DE C.V.,,,26,Sonora,,,"1801 LEY PASEO BICENTENARIO , Sonora, Mexico",2026-02-19T18:28:10.419Z
288,2009 MAYOREO LEY MAYOREO,1,CASA LEY S.A.P.I. DE C.V.,1884,Mazatlán,25,Sinaloa,,,"2009 MAYOREO LEY MAYOREO, Mazatlán, Sinaloa, Mexico",2026-02-19T18:28:10.419Z
289,289 LAS QUINTAS FARMASI,2,OPEFAR S.A. DE C.V.,1878,Culiacán,25,Sinaloa,,,"289 LAS QUINTAS FARMASI, Culiacán, Sinaloa, Mexico",2026-02-19T18:28:10.419Z
290,1210 Ley Plaza Frontera LEY,1,CASA LEY S.A.P.I. DE C.V.,,,26,Sonora,,,"1210 Ley Plaza Frontera LEY, Sonora, Mexico",2026-02-19T18:28:10.419Z
291,1159 EL ZAINO ,1,CASA LEY S.A.P.I. DE C.V.,,,26,Sonora,,,"1159 EL ZAINO , Sonora, Mexico",2026-02-19T18:28:10.419Z
292,1317 BENITO JUAREZ ,1,CASA LEY S.A.P.I. DE C.V.,,,26,Sonora,,,"1317 BENITO JUAREZ , Sonora, Mexico",2026-02-19T18:28:10.419Z
293,1114 CABORCA ,1,CASA LEY S.A.P.I. DE C.V.,,,26,Sonora,,,"1114 CABORCA , Sonora, Mexico",2026-02-19T18:28:10.419Z
294,1249 QUIROZ Y MORA ,1,CASA LEY S.A.P.I. DE C.V.,,,26,Sonora,,,"1249 QUIROZ Y MORA , Sonora, Mexico",2026-02-19T18:28:10.419Z
295,1157 Lx Cananea ,1,CASA LEY S.A.P.I. DE C.V.,,,26,Sonora,,,"1157 Lx Cananea , Sonora, Mexico",2026-02-19T18:28:10.419Z
296,1062 SLey Ovalo ,1,CASA LEY S.A.P.I. DE C.V.,,,26,Sonora,,,"1062 SLey Ovalo , Sonora, Mexico",2026-02-19T18:28:10.419Z
297,1201 Lx Pueblitos ,1,CASA LEY S.A.P.I. DE C.V.,,,26,Sonora,,,"1201 Lx Pueblitos , Sonora, Mexico",2026-02-19T18:28:10.419Z
298,1205 Lx Puerta Real ,1,CASA LEY S.A.P.I. DE C.V.,,,26,Sonora,,,"1205 Lx Puerta Real , Sonora, Mexico",2026-02-19T18:28:10.419Z
299,1208 SLey Bachoco ,1,CASA LEY S.A.P.I. DE C.V.,,,26,Sonora,,,"1208 SLey Bachoco , Sonora, Mexico",2026-02-19T18:28:10.419Z
300,1215 Lx Virreyes ,1,CASA LEY S.A.P.I. DE C.V.,,,26,Sonora,,,"1215 Lx Virreyes , Sonora, Mexico",2026-02-19T18:28:10.419Z
301,1022 Ley Boulevard ,1,CASA LEY S.A.P.I. DE C.V.,,,26,Sonora,,,"1022 Ley Boulevard , Sonora, Mexico",2026-02-19T18:28:10.419Z
302,1028 Ley Lazaro Cardenas ,1,CASA LEY S.A.P.I. DE C.V.,,,26,Sonora,,,"1028 Ley Lazaro Cardenas , Sonora, Mexico",2026-02-19T18:28:10.419Z
303,1046 Ley Plaza Sahuaro ,1,CASA LEY S.A.P.I. DE C.V.,,,26,Sonora,,,"1046 Ley Plaza Sahuaro , Sonora, Mexico",2026-02-19T18:28:10.419Z
304,1050 Ley Centro ,1,CASA LEY S.A.P.I. DE C.V.,,,26,Sonora,,,"1050 Ley Centro , Sonora, Mexico",2026-02-19T18:28:10.419Z
305,1075 Ley Palo Verde ,1,CASA LEY S.A.P.I. DE C.V.,,,26,Sonora,,,"1075 Ley Palo Verde , Sonora, Mexico",2026-02-19T18:28:10.419Z
306,1081 Ley Kino ,1,CASA LEY S.A.P.I. DE C.V.,,,26,Sonora,,,"1081 Ley Kino , Sonora, Mexico",2026-02-19T18:28:10.419Z
307,1093 Ley Vado Del Rio ,1,CASA LEY S.A.P.I. DE C.V.,,,26,Sonora,,,"1093 Ley Vado Del Rio , Sonora, Mexico",2026-02-19T18:28:10.419Z
308,1199 Camino del Seri ,1,CASA LEY S.A.P.I. DE C.V.,,,26,Sonora,,,"1199 Camino del Seri , Sonora, Mexico",2026-02-19T18:28:10.419Z
309,1284 Ley Paseo Solidaridad ,1,CASA LEY S.A.P.I. DE C.V.,,,26,Sonora,,,"1284 Ley Paseo Solidaridad , Sonora, Mexico",2026-02-19T18:28:10.419Z
310,1291 Ley Quiroga ,1,CASA LEY S.A.P.I. DE C.V.,,,26,Sonora,,,"1291 Ley Quiroga , Sonora, Mexico",2026-02-19T18:28:10.419Z
311,1319 Ley Villa del Cortes ,1,CASA LEY S.A.P.I. DE C.V.,,,26,Sonora,,,"1319 Ley Villa del Cortes , Sonora, Mexico",2026-02-19T18:28:10.419Z
312,2038 Mayoreo Hermosillo ,1,CASA LEY S.A.P.I. DE C.V.,,,26,Sonora,,,"2038 Mayoreo Hermosillo , Sonora, Mexico",2026-02-19T18:28:10.419Z
313,2076 Mayoreo Palo Verde ,1,CASA LEY S.A.P.I. DE C.V.,,,26,Sonora,,,"2076 Mayoreo Palo Verde , Sonora, Mexico",2026-02-19T18:28:10.419Z
314,1350 Huatabampo centro ,1,CASA LEY S.A.P.I. DE C.V.,,,26,Sonora,,,"1350 Huatabampo centro , Sonora, Mexico",2026-02-19T18:28:10.419Z
315,1044 Ley Huatabampo ,1,CASA LEY S.A.P.I. DE C.V.,,,26,Sonora,,,"1044 Ley Huatabampo , Sonora, Mexico",2026-02-19T18:28:10.419Z
316,1052 Ley Plaza El Mayo ,1,CASA LEY S.A.P.I. DE C.V.,,,26,Sonora,,,"1052 Ley Plaza El Mayo , Sonora, Mexico",2026-02-19T18:28:10.419Z
317,1129 Ley Aviacion ,1,CASA LEY S.A.P.I. DE C.V.,,,26,Sonora,,,"1129 Ley Aviacion , Sonora, Mexico",2026-02-19T18:28:10.419Z
318,1231 Bugambilias ,1,CASA LEY S.A.P.I. DE C.V.,,,26,Sonora,,,"1231 Bugambilias , Sonora, Mexico",2026-02-19T18:28:10.419Z
319,1269 Rosales ,1,CASA LEY S.A.P.I. DE C.V.,,,26,Sonora,,,"1269 Rosales , Sonora, Mexico",2026-02-19T18:28:10.419Z
320,1355 Cuahutemoc ,1,CASA LEY S.A.P.I. DE C.V.,,,26,Sonora,,,"1355 Cuahutemoc , Sonora, Mexico",2026-02-19T18:28:10.419Z
321,1258 Slx Tecnologico ,1,CASA LEY S.A.P.I. DE C.V.,,,26,Sonora,,,"1258 Slx Tecnologico , Sonora, Mexico",2026-02-19T18:28:10.419Z
322,1260 Slx La Mesa ,1,CASA LEY S.A.P.I. DE C.V.,,,26,Sonora,,,"1260 Slx La Mesa , Sonora, Mexico",2026-02-19T18:28:10.419Z
323,1097 EL GRECO ,1,CASA LEY S.A.P.I. DE C.V.,,,26,Sonora,,,"1097 EL GRECO , Sonora, Mexico",2026-02-19T18:28:10.419Z
324,4014 MAYOREO NOGALES ,1,CASA LEY S.A.P.I. DE C.V.,,,26,Sonora,,,"4014 MAYOREO NOGALES , Sonora, Mexico",2026-02-19T18:28:10.419Z
325,1409 SUPER LEY PERISUR ,1,CASA LEY S.A.P.I. DE C.V.,1922,Hermosillo,26,Sonora,,,"1409 SUPER LEY PERISUR , Hermosillo, Sonora, Mexico",2026-02-19T18:28:10.419Z
326,1145 Lx Villa California ,1,CASA LEY S.A.P.I. DE C.V.,,,26,Sonora,,,"1145 Lx Villa California , Sonora, Mexico",2026-02-19T18:28:10.419Z
327,1148 Lx Borlaug ,1,CASA LEY S.A.P.I. DE C.V.,,,26,Sonora,,,"1148 Lx Borlaug , Sonora, Mexico",2026-02-19T18:28:10.419Z
328,1183 Lx Norte ,1,CASA LEY S.A.P.I. DE C.V.,,,26,Sonora,,,"1183 Lx Norte , Sonora, Mexico",2026-02-19T18:28:10.419Z
329,1226 Lx Palma Real ,1,CASA LEY S.A.P.I. DE C.V.,,,26,Sonora,,,"1226 Lx Palma Real , Sonora, Mexico",2026-02-19T18:28:10.419Z
330,1246 Slx Las Haciendas ,1,CASA LEY S.A.P.I. DE C.V.,,,26,Sonora,,,"1246 Slx Las Haciendas , Sonora, Mexico",2026-02-19T18:28:10.419Z
331,1342 Slx Plaza 300 ,1,CASA LEY S.A.P.I. DE C.V.,,,26,Sonora,,,"1342 Slx Plaza 300 , Sonora, Mexico",2026-02-19T18:28:10.419Z
332,1348 Lx Cocorit ,1,CASA LEY S.A.P.I. DE C.V.,,,26,Sonora,,,"1348 Lx Cocorit , Sonora, Mexico",2026-02-19T18:28:10.419Z
333,1349 Slx Tetabiate ,1,CASA LEY S.A.P.I. DE C.V.,,,26,Sonora,,,"1349 Slx Tetabiate , Sonora, Mexico",2026-02-19T18:28:10.419Z
334,1012 Ley Cajeme ,1,CASA LEY S.A.P.I. DE C.V.,1910,Cajeme,26,Sonora,,,"1012 Ley Cajeme , Cajeme, Sonora, Mexico",2026-02-19T18:28:10.419Z
335,1055 Obregón ,1,CASA LEY S.A.P.I. DE C.V.,1910,Cajeme,26,Sonora,,,"1055 Obregón , Cajeme, Sonora, Mexico",2026-02-19T18:28:10.419Z
336,1058 California ,1,CASA LEY S.A.P.I. DE C.V.,,,26,Sonora,,,"1058 California , Sonora, Mexico",2026-02-19T18:28:10.419Z
337,1195 Villas del Rey ,1,CASA LEY S.A.P.I. DE C.V.,,,26,Sonora,,,"1195 Villas del Rey , Sonora, Mexico",2026-02-19T18:28:10.419Z
338,1229 Miravalle ,1,CASA LEY S.A.P.I. DE C.V.,,,26,Sonora,,,"1229 Miravalle , Sonora, Mexico",2026-02-19T18:28:10.419Z
339,1262 Paris ,1,CASA LEY S.A.P.I. DE C.V.,,,26,Sonora,,,"1262 Paris , Sonora, Mexico",2026-02-19T18:28:10.419Z
340,1315 Ley Sendero Obregon ,1,CASA LEY S.A.P.I. DE C.V.,,,26,Sonora,,,"1315 Ley Sendero Obregon , Sonora, Mexico",2026-02-19T18:28:10.419Z
341,2015 Mayoreo Obregon ,1,CASA LEY S.A.P.I. DE C.V.,,,26,Sonora,,,"2015 Mayoreo Obregon , Sonora, Mexico",2026-02-19T18:28:10.419Z
342,1261 Pueblo Yaqui ,1,CASA LEY S.A.P.I. DE C.V.,,,26,Sonora,,,"1261 Pueblo Yaqui , Sonora, Mexico",2026-02-19T18:28:10.419Z
343,1121 SAN LUIS RIO COLORADO ,1,CASA LEY S.A.P.I. DE C.V.,,,26,Sonora,,,"1121 SAN LUIS RIO COLORADO , Sonora, Mexico",2026-02-19T18:28:10.419Z
344,1250 HERRADURA ,1,CASA LEY S.A.P.I. DE C.V.,,,26,Sonora,,,"1250 HERRADURA , Sonora, Mexico",2026-02-19T18:28:10.419Z
345,1263 REVOLUCIÓN ,1,CASA LEY S.A.P.I. DE C.V.,,,26,Sonora,,,"1263 REVOLUCIÓN , Sonora, Mexico",2026-02-19T18:28:10.419Z
346,1265 SONOYTA ,1,CASA LEY S.A.P.I. DE C.V.,,,26,Sonora,,,"1265 SONOYTA , Sonora, Mexico",2026-02-19T18:28:10.419Z
347,1402 Super Ley Express Cumbres ,1,CASA LEY S.A.P.I. DE C.V.,1934,Nogales,26,Sonora,,,"1402 Super Ley Express Cumbres , Nogales, Sonora, Mexico",2026-02-19T18:28:10.419Z
348,1406 SUPER LEY EXPRESS JUAN BAUTISTA ,1,CASA LEY S.A.P.I. DE C.V.,1922,Hermosillo,26,Sonora,,,"1406 SUPER LEY EXPRESS JUAN BAUTISTA , Hermosillo, Sonora, Mexico",2026-02-19T18:28:10.419Z
349,1407 SUPER LEY EXPRESS NOGALES SUR ,1,CASA LEY S.A.P.I. DE C.V.,1934,Nogales,26,Sonora,,,"1407 SUPER LEY EXPRESS NOGALES SUR , Nogales, Sonora, Mexico",2026-02-19T18:28:10.419Z
350,1408 Ley Express Urbivillas ,1,CASA LEY S.A.P.I. DE C.V.,1910,Cajeme,26,Sonora,,,"1408 Ley Express Urbivillas , Cajeme, Sonora, Mexico",2026-02-19T18:28:10.419Z
351,1409 SUPER LEY PERISUR ,1,CASA LEY S.A.P.I. DE C.V.,1922,Hermosillo,26,Sonora,,,"1409 SUPER LEY PERISUR , Hermosillo, Sonora, Mexico",2026-02-19T18:28:10.419Z
352,4031 CEDIS MEXICALI CEDIS,1,CASA LEY S.A.P.I. DE C.V.,2,Mexicali,2,Baja California,,,"4031 CEDIS MEXICALI CEDIS, Mexicali, Baja California, Mexico",2026-02-19T18:28:10.419Z
354,1413 SUPER LEY EXPRESS  ALTAR ,1,CASA LEY S.A.P.I. DE C.V.,1896,Altar,26,Sonora,,,"1413 SUPER LEY EXPRESS  ALTAR , Altar, Sonora, Mexico",2026-02-19T18:28:10.419Z
355,355 TAQUERIA RESTAURANTE,36,COMPA LAYO,1878,Culiacán,25,Sinaloa,,,"355 TAQUERIA RESTAURANTE, Culiacán, Sinaloa, Mexico",2026-02-19T18:28:10.419Z
356,3202 La Cruz Tienda de ropa,25,MILANO OPERADORA S.A. DE C.V.,1880,Elota,25,Sinaloa,,,"3202 La Cruz Tienda de ropa, Elota, Sinaloa, Mexico",2026-02-19T18:28:10.419Z
357,3344 CULIACAN F.M. Tienda de ropa,25,MILANO OPERADORA S.A. DE C.V.,1878,Culiacán,25,Sinaloa,,,"3344 CULIACAN F.M. Tienda de ropa, Culiacán, Sinaloa, Mexico",2026-02-19T18:28:10.419Z
358,3270 CULIACAN Tienda de ropa,25,MILANO OPERADORA S.A. DE C.V.,1878,Culiacán,25,Sinaloa,,,"3270 CULIACAN Tienda de ropa, Culiacán, Sinaloa, Mexico",2026-02-19T18:28:10.419Z
359,3967 CULIACAN EXM Tienda de ropa,25,MILANO OPERADORA S.A. DE C.V.,1878,Culiacán,25,Sinaloa,,,"3967 CULIACAN EXM Tienda de ropa, Culiacán, Sinaloa, Mexico",2026-02-19T18:28:10.419Z
360,"360 PLANTA ""LA COSTERITA"" Planta de distribuci�n de petrol�feros",37,"ABASTECEDORA DE COMBUSTIBLES DEL PACIFICO, S.A. DE C.V.",1878,Culiacán,25,Sinaloa,,,"360 PLANTA ""LA COSTERITA"" Planta de distribuci�n de petrol�feros, Culiacán, Sinaloa, Mexico",2026-02-19T18:28:10.419Z
361,3924 Milano Guasave Tienda de ropa,25,MILANO OPERADORA S.A. DE C.V.,1883,Guasave,25,Sinaloa,,,"3924 Milano Guasave Tienda de ropa, Guasave, Sinaloa, Mexico",2026-02-19T18:28:10.419Z
362,362 AMAPASA EMPAQUE,38,"AGROMANUFACTURAS DEL PACIFICO, S.A. DE C.V",1891,Eldorado,25,Sinaloa,,,"362 AMAPASA EMPAQUE, Eldorado, Sinaloa, Mexico",2026-02-19T18:28:10.419Z
363,3057 OBREGON Tienda de ropa,25,MILANO OPERADORA S.A. DE C.V.,1883,Guasave,25,Sinaloa,,,"3057 OBREGON Tienda de ropa, Guasave, Sinaloa, Mexico",2026-02-19T18:28:10.419Z
364,3934 MAZATLAN 2 Tienda de ropa,25,MILANO OPERADORA S.A. DE C.V.,1884,Mazatlán,25,Sinaloa,,,"3934 MAZATLAN 2 Tienda de ropa, Mazatlán, Sinaloa, Mexico",2026-02-19T18:28:10.419Z
365,3017 MAZATLAN Tienda de ropa,25,MILANO OPERADORA S.A. DE C.V.,1884,Mazatlán,25,Sinaloa,,,"3017 MAZATLAN Tienda de ropa, Mazatlán, Sinaloa, Mexico",2026-02-19T18:28:10.419Z
366,366 CASA TOLEDO GUASAVE COMERCIO,39,BODEGAS TOLEDO,1883,Guasave,25,Sinaloa,,,"366 CASA TOLEDO GUASAVE COMERCIO, Guasave, Sinaloa, Mexico",2026-02-19T18:28:10.419Z
367,367 CASA TOLEDO NAVOLATO Tienda de ropa,39,BODEGAS TOLEDO,1890,Navolato,25,Sinaloa,,,"367 CASA TOLEDO NAVOLATO Tienda de ropa, Navolato, Sinaloa, Mexico",2026-02-19T18:28:10.419Z
368,368 Restaurante hermanos carrillo RESTAURANTE,40,Inés Leticia Acevedo González,1880,Elota,25,Sinaloa,,,"368 Restaurante hermanos carrillo RESTAURANTE, Elota, Sinaloa, Mexico",2026-02-19T18:28:10.419Z
369,369 TOP JUMP CENTRO RECREATIVO,0b74acb0,INMOBILIARIA MINOIS S.A. DE C.V.,1878,Culiacán,25,Sinaloa,,,"369 TOP JUMP CENTRO RECREATIVO, Culiacán, Sinaloa, Mexico",2026-02-19T18:28:10.419Z
370,370 EMAPA “Extinguidores y Mangueras del Pacífico” MANTENIMIENTO DE EXTINTORES,1f67e27a,ELVIA GARZA SAUCEDO,1878,Culiacán,25,Sinaloa,,,"370 EMAPA “Extinguidores y Mangueras del Pacífico” MANTENIMIENTO DE EXTINTORES, Culiacán, Sinaloa, Mexico",2026-02-19T18:28:10.419Z
1,1002 RUBI LEY,1,CASA LEY S.A.P.I. DE C.V.,1878,Culiacán,25,Sinaloa,,,"1002 RUBI LEY, Culiacán, Sinaloa, Mexico",2026-02-19T18:28:10.419Z
371,371 SALUD DIGNA NAVOLATO LABORATORIO,4828156c,SALUD DIGNA,1890,Navolato,25,Sinaloa,,,"371 SALUD DIGNA NAVOLATO LABORATORIO, Navolato, Sinaloa, Mexico",2026-02-19T18:28:10.419Z
376,376 OFICINAS CORPORATIVAS DIFARMER CULIACAN. CORPORATIVO,18,DIFARMER S.A. DE C.V.,1878,Culiacán,25,Sinaloa,,,"376 OFICINAS CORPORATIVAS DIFARMER CULIACAN. CORPORATIVO, Culiacán, Sinaloa, Mexico",2026-02-19T18:28:10.419Z
377,377 PORTEO CULIACAN BODEGA,30d949b9,GRUPO PORTEO LOGISTICO S.A. DE C.V.,1878,Culiacán,25,Sinaloa,,,"377 PORTEO CULIACAN BODEGA, Culiacán, Sinaloa, Mexico",2026-02-19T18:28:10.419Z
378,378 BUGAMBILIAS BODEGA,18,DIFARMER S.A. DE C.V.,1878,Culiacán,25,Sinaloa,,,"378 BUGAMBILIAS BODEGA, Culiacán, Sinaloa, Mexico",2026-02-19T18:28:10.419Z
379,379 AGROINSUMOS LA CRUZ ,80d7d0ed,AGROINSUMOS DE LOS RÍOS,1880,Elota,25,Sinaloa,,,"379 AGROINSUMOS LA CRUZ , Elota, Sinaloa, Mexico",2026-02-19T18:28:10.419Z
380,380 AGRICOLA DE SERVICIOS AGRICOLA,973a57b1,AGRICOLA DE SERVICIOS S.A. DE C.V.,1878,Culiacán,25,Sinaloa,,,"380 AGRICOLA DE SERVICIOS AGRICOLA, Culiacán, Sinaloa, Mexico",2026-02-19T18:28:10.419Z
381,381 IMSS CENTRO DE SALUD,1180bef6,INSTITUTO MEXICANO DEL SEGURO SOCIAL,1878,Culiacán,25,Sinaloa,,,"381 IMSS CENTRO DE SALUD, Culiacán, Sinaloa, Mexico",2026-02-19T18:28:10.419Z
382,382 OFICINA MATRIZ ,743ae839,AGROFINANCIERA DEL NOROESTE,1878,Culiacán,25,Sinaloa,,,"382 OFICINA MATRIZ , Culiacán, Sinaloa, Mexico",2026-02-19T18:28:10.419Z